6.54,0.42,0.09,2.3,0.054,34.0,105.8,0.99736,3.43,0.68,10.4,5.554593187899047
7.3,0.59,0.26,2.0,0.08,17.0,104.0,0.9958,3.28,0.618,10.96,5.8257749370354714
7.8,0.64,0.138,6.0,0.084,5.0,31.4,0.99604,3.37,0.6,10.1,5.345680597782465
10.6,0.44,0.47,2.5,0.071,9.0,29.6,0.9981,3.248,0.65,10.8,5.9044080238625725
6.8,0.775,0.0,2.8,0.102,8.0,23.0,0.9965,3.45,0.56,10.7,5.403669930305372
8.02,0.23,0.4,1.6,0.0726,21.0,67.0,0.99722,3.258,0.63,11.1,6.118528548672882
7.6,0.416,0.0,2.2,0.076,33.0,45.0,0.9959,3.31,0.62,10.7,6.351888051915886
7.8,0.63,0.104,1.7,0.1,14.0,32.4,0.9961,3.288,0.62,9.5,5.493179382126179
8.8,0.61,0.222,2.8,0.088,19.0,46.0,0.9976,3.26,0.51,10.24,5.239423523592283
7.5,0.49,0.414,2.6,0.332,30.6,14.0,0.99692,3.21,0.9,10.5,6.146717688988239
7.4,0.785,0.19,3.42,0.0672,19.0,98.0,0.9971,3.374,0.578,9.6,4.8178196897594745
11.8,0.4,0.52,2.0,0.0738,13.2,54.0,0.99614,3.03,0.66,10.2,5.443167537903496
7.1,0.715,0.0,2.35,0.071,21.0,71.8,0.9963,3.29,0.572,9.92,5.355082898192856
7.1,0.755,0.15,4.38,0.098,20.0,84.0,0.9959,3.19,0.692,10.14,5.695295872333583
8.26,0.519,0.24,2.4,0.077,18.0,34.0,0.9948,3.392,0.6,10.58,5.79676884450825
7.6,0.583,0.12,1.9,0.091,16.4,40.4,0.9956,3.44,0.48,10.18,5.290667302211875
5.1,0.42,0.0,2.44,0.044,18.0,88.0,0.99674,3.57,0.73,13.6,6.965256863236794
7.5,0.58,0.56,3.1,0.153,5.0,22.6,0.9948,3.21,1.03,11.6,6.341583744850208
8.5,0.326,0.56,3.74,0.108,35.0,61.6,0.99742,3.356,0.75,10.5,5.795146760907131
7.84,0.545,0.06,2.12,0.087,20.6,42.6,0.9965,3.36,0.606,10.44666,5.940777446900539
8.28,0.42,0.364,3.3,0.105,33.0,98.0,1.001,3.2,0.95,9.2,5.530937016125053
8.24,0.601,0.178,2.7,0.077,20.8,41.8,0.9975,3.352,0.54,10.36,5.437430031236663
6.9,0.606,0.11,2.24,0.043,6.0,12.0,0.9935,3.3,0.65,11.51,6.105289809715039
7.1,0.685,0.0,2.3,0.087,25.6,64.6,0.9978,3.45,0.53,9.88,4.857647213695113
7.5,0.685,0.07,2.5,0.058,5.0,14.0,0.99624,3.38,0.55,10.9,5.194985963296051
7.3,0.48,0.144,1.74,0.062,31.0,54.0,0.9973,3.3,0.65,10.12,5.730652587296608
7.6,0.41,0.226,2.24,0.08,4.0,24.6,0.9962,3.28,0.59,9.5,5.270385099457269
11.2,0.45,0.55,2.3,0.084,6.0,13.0,1.0,3.17,0.71,9.5,5.545960168179907
7.9,0.52,0.128,1.9,0.079,42.0,140.0,0.9964,3.27,0.54,9.5,5.105515644034951
7.9,0.545,0.06,4.0,0.087,27.0,61.0,0.9965,3.36,0.648,10.7,6.058532819559794
7.0,0.71,0.058,1.6,0.092,22.0,40.6,0.9963,3.49,0.58,10.0,4.8237268522129595
7.2,0.364,0.44,2.6,0.066,22.0,72.8,0.9949,3.338,0.84,11.56,6.422875355056757
8.0,0.52,0.34,2.2,0.073,16.0,25.0,0.99744,3.28,0.66,10.36,5.805687300638709
5.6,0.66,0.0,2.5,0.066,7.0,15.0,0.9926,3.52,0.58,11.14,5.356307937399158
8.3,0.488,0.234,2.14,0.071,17.0,65.0,0.9993,3.22,0.78,10.1,5.468434636466289
7.2,0.835,0.0,2.0,0.166,4.0,11.0,0.9961,3.39,0.52,10.0,4.415648002045146
8.16,0.628,0.286,2.18,0.0762,6.6,17.0,0.9982,3.32,0.654,11.14,5.836251661715351
6.8,0.68,0.21,1.96,0.07,9.0,34.6,0.9955,3.38,0.6,10.95,5.295159309577719
8.98,0.55,0.26,2.0,0.08,31.0,112.4,0.9962,3.226,0.52,9.9,5.165812640449182
7.9,0.29,0.27,2.2,0.0824,22.0,59.0,0.9971,3.31,0.67,10.98,6.057362420572959
9.14,0.41,0.356,2.3,0.063,5.0,19.0,0.99648,3.17,0.81,11.2,6.431302889673932
8.2,0.755,0.09,2.0,0.0728,7.0,10.0,0.9942,3.28,0.64,11.8,6.252752598183893
10.5,0.466,0.568,2.1,0.0786,6.0,24.0,0.9978,3.186,0.9,11.0,6.187222383741204
7.14,0.35,0.18,2.0,0.067,28.0,48.0,0.99718,3.43,0.54,10.62,5.610140172252261
6.9,0.41,0.33,2.2,0.081,22.0,36.0,0.9949,3.454,0.75,11.78,6.694286150557587
8.9,0.496,0.466,3.2,0.101,8.2,10.0,0.9959,3.21,0.59,11.04,5.781594529967876
7.6,0.9,0.102,2.5,0.079,5.0,33.4,0.9967,3.39,0.56,9.8,4.773903233867948
7.24,0.635,0.142,3.44,0.0856,9.8,18.0,0.9961,3.38,0.59,10.3,5.756418300453239
8.2,0.418,0.13,1.9,0.057,43.0,74.0,0.99636,3.332,0.59,12.0,5.876144501947413
8.12,0.4,0.31,2.28,0.09,13.0,43.8,0.9966,3.25,0.63,10.5,5.802451417847519
6.5,0.4,0.1,2.0,0.076,30.0,85.6,0.9955,3.36,0.48,9.4,5.167127206560229
9.06,0.55,0.25,2.34,0.091,18.0,48.0,0.9994,3.22,0.64,10.3,5.676299265342796
7.46,0.539,0.04,2.8,0.066,13.6,20.0,0.9974,3.452,0.57,10.66,5.76915800199102
8.0,0.548,0.24,2.64,0.08,15.6,51.4,0.9961,3.286,0.49,10.56,5.493445744688254
7.58,0.72,0.208,1.7,0.136,24.0,60.6,0.9975,3.244,0.94,10.0,5.34062139498772
6.16,0.62,0.03,1.5,0.08,6.0,12.8,0.995,3.66,0.62,10.1,4.756816898424147
7.4,0.37,0.43,2.6,0.0798,18.0,82.0,0.9971,3.38,0.85,12.12,6.561573781075834
6.5,0.9,0.05,1.6,0.052,4.8,17.0,0.99678,3.454,0.656,9.88,5.031668476589981
8.8,0.45,0.374,1.4,0.076,12.0,21.0,0.9955,3.21,0.75,10.2,6.147121939035093
7.5,0.536,0.2,8.1,0.098,30.0,114.0,0.9989,3.2,0.58,11.34,5.715736853472619
6.52,0.77,0.0,2.88,0.066,34.0,52.0,0.9976,3.62,0.68,9.42,4.848528407186083
8.6,0.33,0.378,2.6,0.083,16.0,42.8,0.9978,3.3,0.668,11.4,6.348385021461165
6.6,0.735,0.02,7.9,0.0732,25.4,91.0,0.9994,3.47,0.57,10.68,5.296523711520359
7.1,0.506,0.064,1.9,0.077,28.0,66.8,0.9956,3.37,0.64,10.4,5.9024334429853225
6.5,0.58,0.11,2.62,0.096,3.0,13.0,0.9956,3.62,0.62,11.5,5.6421666662464744
6.7,0.584,0.11,2.2,0.048,16.0,42.4,0.99618,3.516,0.88,13.5667,6.9374788178152
10.5,0.51,0.64,2.66,0.1058,6.0,15.0,0.9973,3.09,0.716,10.32,5.214474331174169
9.2,0.54,0.31,2.3,0.0718,11.0,38.0,0.997,3.24,0.682,10.9,6.018963149677948
7.8,0.56,0.228,1.8,0.0776,12.0,47.0,0.9964,3.19,0.714,10.28,5.667498375314558
8.5,0.37,0.2,2.8,0.09,18.0,58.0,0.998,3.34,0.7,9.6,5.443710799201744
8.5,0.578,0.124,2.1,0.074,5.0,21.6,0.9967,3.2,0.48,9.8,5.081244050740963
8.48,0.605,0.32,1.9,0.096,9.2,31.0,0.99612,3.324,0.53,11.8,5.800162069446166
7.76,0.455,0.314,2.1,0.074,11.8,16.0,0.99672,3.27,0.74,12.3,6.974142443800402
8.7,0.42,0.496,3.62,0.072,32.0,79.4,0.9962,3.33,0.77,12.0,6.1148884709546225
8.0,0.58,0.16,2.0,0.12,3.0,13.4,0.9979,3.364,0.58,11.2,5.077979576927965
10.2,0.432,0.478,2.2,0.11,11.0,37.0,0.9973,3.158,0.636,10.8,5.592487969088014
7.5,0.426,0.214,1.7,0.084,13.0,43.2,0.9954,3.36,0.54,10.5,5.7155628698146
7.3,0.835,0.03,2.1,0.092,10.0,23.4,0.9966,3.39,0.47,10.80666,5.026165079515999
8.1,0.58,0.23,2.3,0.0796,23.0,94.0,0.9969,3.208,0.572,9.5,5.414107293097638
7.0,0.655,0.09,2.1,0.074,9.8,25.0,0.9961,3.38,0.55,9.7,5.206856804943152
6.18,0.604,0.052,2.68,0.075,32.0,44.0,0.99712,3.57,0.76,10.2,5.345832847308477
7.8,0.34,0.264,2.0,0.082,24.0,58.0,0.9964,3.34,0.692,9.4,5.828373354079785
7.4,0.47,0.216,2.3,0.055,10.2,28.0,0.9952,3.394,0.8,11.2,6.240235673650737
7.3,0.563,0.074,1.2,0.065,15.0,40.0,0.9946,3.39,0.47,10.0,5.312488131158017
7.92,0.376,0.37,2.2,0.088,21.0,39.0,0.9969,3.33,0.756,11.1,6.3525711408609595
10.92,0.27,0.73,6.55,0.074,25.4,76.0,0.999,3.17,0.746,12.38,6.657356608115406
7.8,0.663,0.01,1.6,0.077,3.0,13.2,0.995,3.28,0.63,9.8,5.4950417195810966
10.6,0.418,0.522,2.5,0.0822,16.2,58.0,0.99664,3.078,0.86,10.44,5.953356210123891
9.68,0.528,0.51,2.0,0.121,7.0,20.0,0.9996,3.134,0.76,10.4,5.5138897796452415
7.96,0.557,0.23,2.8,0.092,26.6,104.0,0.9983,3.1,0.56,9.4,5.232110992957933
9.5,0.57,0.3,2.3,0.082,23.0,75.6,0.99604,3.27,0.55,9.4,5.10163729231105
5.0,1.04,0.24,1.6,0.0754,6.2,36.8,0.99664,3.74,0.62,11.15334,5.787931179654791
6.6,0.735,0.02,7.9,0.0836,33.5,79.2,0.9994,3.47,0.586,10.88,5.385983931015661
7.9,0.485,0.25,2.9,0.083,22.4,45.0,0.99642,3.49,0.74,12.1,6.6137016181984905
7.36,0.494,0.158,2.24,0.064,21.0,37.0,0.9952,3.342,0.77,10.6,6.422065803031145
6.2,0.56,0.09,2.5,0.0904,11.6,32.0,0.9975,3.466,0.6,10.82,5.586826959841618
8.7,0.78,0.288,1.7,0.1898,12.0,66.0,0.9962,3.0,1.17,9.2,4.933671429609606
7.6,0.672,0.098,1.96,0.088,22.6,43.0,0.998,3.48,0.64,9.1,5.255107537939943
8.0,0.6,0.2,2.1,0.08,22.8,105.0,0.9961,3.3,0.49,9.6,5.055777361288862
12.6,0.41,0.54,2.8,0.0764,19.0,41.0,0.9994,3.21,0.578,11.3,5.563021745305244
6.8,0.67,0.11,1.8,0.118,13.0,49.2,0.9954,3.42,0.67,9.76,4.933804860082217
7.04,0.6,0.108,2.0,0.08,31.0,131.0,0.9962,3.36,0.52,9.66,4.998678408222043
12.5,0.6,0.544,4.3,0.1,5.0,14.0,1.001,3.118,0.74,9.92,5.207057517583521
6.6,0.815,0.02,2.7,0.072,17.0,34.0,0.9955,3.58,0.62,12.3,6.317862981472183
10.66,0.352,0.59,2.12,0.0832,23.0,42.0,0.997,3.212,0.68,10.5,5.892375830928816
8.8,0.48,0.41,3.3,0.0808,17.4,52.0,0.9982,3.31,0.53,11.26,5.6422564580457
7.68,0.45,0.24,3.51,0.0802,38.0,142.0,0.997,3.22,0.55,10.44,5.371641523769112
9.2,0.44,0.47,2.5,0.0764,9.0,47.8,0.9981,3.34,0.65,10.8,5.529990193797308
13.2,0.458,0.55,2.24,0.081,5.0,17.0,1.0006,3.164,0.728,9.4,5.740042325301322
8.9,0.12,0.45,1.8,0.075,10.0,21.0,0.99602,3.216,0.754,11.76,6.88441973510964
8.6,0.42,0.39,1.8,0.068,5.8,12.0,0.99648,3.35,0.69,11.7,6.238405081818083
6.6,0.84,0.096,2.3,0.059,32.0,48.0,0.9952,3.52,0.56,12.3,6.69181226081339
7.8,0.697,0.0,2.8,0.0784,8.0,16.0,0.9964,3.318,0.59,9.7,5.450656648796928
5.4,0.42,0.27,2.0,0.092,23.0,55.0,0.9947,3.78,0.64,12.3,6.326454683447962
10.8,0.45,0.464,2.5,0.099,20.0,38.0,0.99628,3.24,0.71,10.8,6.0305118106765185
8.3,0.26,0.37,1.4,0.076,8.0,30.0,0.9974,3.26,0.7,11.16,6.467907502344515
5.6,0.66,0.0,2.5,0.066,7.0,15.0,0.9926,3.52,0.58,11.12,5.348882008822185
9.16,0.45,0.49,2.54,0.093,14.4,31.2,0.99734,3.35,0.57,9.7,5.139798001609792
8.0,0.34,0.63,1.6,0.081,6.2,29.0,0.9959,3.3,0.78,10.8,6.370544397838843
12.3,0.39,0.63,2.32,0.091,6.0,18.0,1.0004,3.16,0.66,9.5,5.124956496602552
8.7,0.7,0.146,2.5,0.0794,9.8,15.0,0.9991,3.32,0.6,9.0,5.401701501257617
11.42,0.37,0.65,6.4,0.08,3.0,36.0,0.99674,3.16,0.58,11.0,5.680542266386496
8.6,0.635,0.68,1.8,0.403,19.0,44.8,0.99666,3.02,1.15,9.38,5.1754628866900205
6.82,0.34,0.0,1.8,0.0724,24.8,63.0,0.9916,3.384,0.79,10.02,6.370217251916898
8.5,0.37,0.2,2.8,0.09,18.0,58.0,0.998,3.34,0.7,9.6,5.443710799201744
7.3,0.55,0.154,2.19,0.0734,10.0,15.0,0.9951,3.35,0.58,11.0,5.929887591730651
7.4,0.408,0.26,1.96,0.0788,17.0,91.0,0.99668,3.29,0.56,9.8,5.421371136296827
6.0,0.564,0.0,2.1,0.064,40.0,54.0,0.995,3.54,0.566,10.7,5.401739831616538
7.98,0.49,0.18,2.7,0.0738,13.0,34.0,0.99676,3.33,0.656,9.2,5.889411331892669
7.6,0.55,0.21,2.2,0.071,7.0,28.0,0.9964,3.28,0.55,9.7,5.0568948708438874
8.0,0.39,0.49,1.7,0.082,23.0,149.0,0.99702,3.12,0.776,11.5,6.256161720362154
9.6,0.6,0.208,4.12,0.079,28.0,71.0,0.9997,3.246,0.57,9.7,5.145466641903194
7.1,0.65,0.02,2.1,0.089,8.0,22.6,0.9972,3.47,0.67,9.5,5.346566442898409
7.0,0.38,0.49,2.5,0.097,33.0,85.6,0.9962,3.39,0.77,11.4,6.166850712250998
10.4,0.33,0.616,3.24,0.0748,5.0,22.0,0.99684,3.26,0.74,11.2,6.513251646866009
8.3,0.3,0.49,2.28,0.09,8.2,24.0,0.995,3.27,0.64,12.1,6.368515198488414
9.1,0.765,0.04,1.9,0.0776,4.0,14.0,0.9966,3.29,0.596,9.7,5.102694844307914
10.2,0.23,0.37,2.2,0.0802,14.0,36.0,0.9961,3.132,0.49,9.3,5.208267396639853
9.1,0.34,0.43,2.48,0.058,9.0,18.0,0.9939,3.18,0.55,11.4,6.419707001835311
5.6,0.615,0.05,1.6,0.0754,16.0,37.6,0.9943,3.58,0.52,9.9,4.467257471622052
7.3,0.51,0.18,1.86,0.0754,12.0,28.0,0.9977,3.4,0.544,10.15,5.458521216187157
7.1,0.59,0.082,2.12,0.077,20.0,40.2,0.9975,3.55,0.59,9.8,5.11902521244989
9.6,0.464,0.434,2.82,0.0846,5.0,28.2,0.9966,3.15,0.75,10.5,6.148820126783058
11.9,0.378,0.66,3.1,0.109,6.4,23.0,1.0,3.15,0.85,10.4,5.519300378547528
8.2,0.64,0.27,2.0,0.095,5.0,54.2,0.9975,3.13,0.62,10.12,5.114495208769274
6.6,0.7,0.08,3.12,0.0742,14.0,27.0,0.9967,3.588,0.58,10.2,4.747177216743603
8.0,0.715,0.102,2.3,0.0768,19.6,81.0,0.9969,3.346,0.54,9.5,5.375666438427524
8.0,0.5,0.39,2.6,0.082,12.0,46.0,0.99684,3.43,0.62,10.66666,5.552614694963571
11.9,0.57,0.5,2.78,0.0886,6.0,32.0,1.0006,3.12,0.78,10.7,6.102599429630445
8.1,0.72,0.09,2.12,0.084,18.0,49.0,0.9994,3.43,0.72,11.1,5.745006866281143
7.38,0.635,0.1,2.4,0.08,15.8,33.0,0.9967,3.424,0.69,10.8,6.271832990092274
6.7,0.64,0.146,2.14,0.08,19.0,53.4,0.9954,3.474,0.628,10.9,5.792557852345252
7.4,0.59,0.158,4.4,0.086,6.0,43.6,0.9974,3.38,0.5,9.0,4.922462687815388
7.8,0.61,0.29,1.6,0.114,10.4,29.0,0.9974,3.294,1.56,9.1,5.590063405819076
9.2,0.81,0.25,3.5,0.073,34.0,85.0,0.9967,3.26,0.42,9.2,4.872654744017903
8.48,0.558,0.3,2.06,0.0916,2.0,45.0,0.9973,3.31,0.91,9.5,5.299907737629535
8.78,0.44,0.42,2.24,0.064,14.0,72.6,0.99624,3.25,0.57,10.4,5.281081483629922
6.1,0.32,0.25,2.3,0.071,23.0,58.0,0.9963,3.42,0.97,10.6,6.3052476695883755
7.3,0.48,0.32,2.1,0.062,31.0,54.0,0.9973,3.3,0.65,10.0,5.61504247539066
9.3,0.48,0.29,2.1,0.0812,6.0,16.0,0.99606,3.22,0.72,11.2,6.3096429766083455
6.5,0.34,0.0,1.8,0.0796,19.0,63.0,0.9916,3.466,0.79,10.66,6.650917947906641
9.5,0.59,0.44,2.3,0.071,21.0,68.0,0.9992,3.188,0.63,9.5,5.264659942198838
8.38,0.41,0.15,1.92,0.0838,25.4,94.0,0.9979,3.14,0.58,9.1,5.281213221914646
7.48,0.53,0.26,2.3,0.039,5.0,19.0,0.9959,3.428,0.86,12.4,6.83458125203923
7.9,0.609,0.238,1.9,0.082,35.2,144.0,0.9968,3.2,0.55,9.5,5.0684315690862976
7.8,0.32,0.364,2.7,0.08,8.0,17.0,0.9973,3.33,0.78,11.0,6.479147847090336
14.3,0.31,0.548,2.48,0.0812,6.0,13.6,1.0008,2.86,0.79,8.4,6.132496667768004
6.1,0.32,0.25,2.3,0.071,23.0,58.0,0.9963,3.42,0.97,10.6,6.3052476695883755
12.0,0.63,0.52,2.38,0.071,6.0,26.0,0.99638,3.07,0.6,10.4,5.368216098713079
7.52,0.6,0.26,2.0,0.08,31.0,131.0,0.9962,3.3,0.52,9.9,5.073712132772232
7.3,0.4,0.3,1.7,0.074,33.0,79.0,0.9969,3.282,0.65,9.5,5.591762705914127
9.4,0.59,0.14,2.96,0.084,25.0,48.0,0.9981,3.14,0.722,10.12,5.7900638676417975
8.2,1.0,0.09,2.3,0.065,7.0,37.0,0.9969,3.32,0.55,9.0,5.224100721930215
7.94,0.56,0.24,2.2,0.079,19.0,58.0,0.9991,3.258,0.56,10.1,5.311044820959678
12.6,0.41,0.54,2.8,0.0996,19.0,41.0,0.9994,3.21,0.636,11.3,5.613137916910004
7.5,0.384,0.3,2.2,0.062,6.0,12.0,0.995,3.37,0.72,11.5,6.674336160707261
7.0,0.6,0.202,2.04,0.068,20.0,49.4,0.9991,3.37,1.17,10.2,5.140617216226225
7.4,0.414,0.34,1.8,0.075,18.0,38.0,0.9933,3.416,0.88,11.08,6.535877551744562
7.2,0.33,0.33,2.0,0.061,9.6,13.0,0.99672,3.316,1.1,10.0,6.064829740676629
9.84,0.482,0.39,1.7,0.062,3.0,9.0,0.9948,3.14,0.638,10.94,6.36568859369808
7.2,0.635,0.154,2.14,0.0656,16.0,86.0,0.9975,3.51,0.54,9.7,5.056621603477555
7.1,0.43,0.17,1.8,0.084,27.0,51.0,0.9963,3.49,0.64,10.4,5.6912995391951675
7.7,0.6,0.0,2.6,0.055,7.6,13.0,0.99766,3.38,0.56,10.8,5.25121341738019
6.42,0.645,0.0,2.15,0.08,15.0,28.0,0.99704,3.492,0.61,12.5,6.149127982508844
7.1,0.72,0.0,1.8,0.0766,6.0,14.0,0.9963,3.47,0.612,10.24,5.190179490697674
7.1,0.444,0.2,1.9,0.077,28.0,60.6,0.9956,3.422,0.64,10.4,5.8144662951624655
8.6,0.725,0.24,6.6,0.117,31.0,134.0,1.0014,3.216,0.624,10.26,5.146831747298942
7.72,0.6,0.08,2.6,0.0804,3.0,7.0,0.9929,3.37,0.37,9.94,4.510398629363271
7.8,0.61,0.29,1.6,0.114,12.2,29.0,0.9974,3.204,1.56,9.1,5.6951043310464255
7.4,0.66,0.0,1.8,0.075,12.8,40.0,0.9978,3.51,0.572,10.06,4.850948879120233
7.52,0.46,0.26,1.9,0.088,19.6,53.0,0.9981,3.43,0.74,9.2,5.712695576038363
9.9,0.54,0.45,2.3,0.071,16.0,40.0,0.9991,3.182,0.62,9.76,5.295373198502697
6.0,0.5,0.016,1.98,0.057,15.2,26.0,0.99646,3.36,0.45,9.5,5.23902737396185
7.1,0.72,0.0,1.8,0.0806,6.0,14.0,0.9963,3.398,0.558,10.34,5.256423904781662
6.3,0.604,0.122,2.14,0.056,12.0,26.0,0.9931,3.55,0.51,10.69,5.306948785356187
5.2,0.49,0.26,2.22,0.09,23.0,74.0,0.99738,3.524,0.724,12.2,6.485007607700188
12.8,0.3,0.74,2.6,0.0942,8.6,17.6,0.9994,3.2,0.77,11.34,6.625757639262996
8.58,0.63,0.28,2.7,0.0794,17.8,69.0,0.99748,3.26,0.63,10.16,5.440888654612145
7.6,0.39,0.31,2.06,0.082,23.0,80.6,0.99708,3.52,0.65,9.7,5.439124202003
9.7,0.295,0.4,1.5,0.073,14.0,47.0,0.9956,3.184,0.792,10.9,6.7236265732957605
10.3,0.32,0.438,2.1,0.056,10.4,24.0,0.997,3.22,0.82,10.3,6.042282038460046
5.9,0.651,0.0,3.3,0.096,26.6,61.0,1.0003,3.6,0.72,11.38,5.758653831461439
6.1,0.32,0.25,2.3,0.0886,23.0,59.8,0.99642,3.43,0.97,10.72,6.425094984676406
6.4,0.36,0.21,2.2,0.047,26.0,48.0,0.9966,3.452,0.63,9.7,5.3550410119009575
9.5,0.59,0.44,2.3,0.071,21.0,68.0,0.9992,3.178,0.63,9.5,5.286190888554901
8.2,0.42,0.49,2.6,0.1078,32.0,55.0,0.9988,3.34,0.75,8.7,5.146432945441755
6.9,0.56,0.15,2.2,0.076,13.2,40.0,0.9961,3.41,0.638,10.1,5.506274117307963
8.0,0.715,0.2,2.4,0.076,10.0,27.6,0.9973,3.31,0.64,10.1,5.3541254620826075
7.3,0.67,0.05,1.94,0.0756,8.0,20.0,0.9972,3.376,0.63,10.52,5.497740014103694
8.8,0.48,0.41,3.3,0.0764,12.2,52.0,0.9982,3.31,0.53,11.14,5.629326276894918
10.18,0.483,0.39,1.7,0.062,3.0,9.0,0.9948,3.14,0.646,9.98,6.038230831680359
10.36,0.412,0.39,1.7,0.062,3.0,9.0,0.9948,3.14,0.636,9.42,5.957812051138273
7.5,0.77,0.2,8.1,0.098,30.0,92.0,0.99644,3.402,0.58,10.9,5.2828807676681775
8.3,0.31,0.42,2.52,0.078,17.0,43.0,0.9944,3.31,0.77,12.5,6.907647555405233
7.4,0.39,0.232,1.96,0.082,26.2,67.0,0.9972,3.368,0.55,9.6,5.205418024355895
9.4,0.54,0.45,2.3,0.071,16.0,40.0,0.9991,3.188,0.62,10.64,5.734180349665777
6.6,0.58,0.0,3.1,0.1,50.0,63.0,0.99756,3.584,0.698,11.4,5.848140211203687
8.2,0.38,0.32,2.5,0.08,24.0,85.0,0.9962,3.27,0.85,11.0,6.3774228283534065
8.1,1.33,0.0,1.8,0.082,3.8,12.0,0.99676,3.54,0.48,9.6,3.891322723290616
7.6,0.645,0.03,2.56,0.0708,14.0,44.2,0.99806,3.37,0.46,9.86,5.086428946914995
8.9,0.5,0.21,2.2,0.088,15.4,39.0,0.9969,3.294,0.83,11.1,6.206076769507931
7.96,0.684,0.0,1.9,0.065,13.0,18.0,0.9972,3.46,0.546,9.2,5.2074664928929595
6.9,0.54,0.04,3.0,0.0652,7.0,27.0,0.9987,3.69,0.588,10.74,5.526527848925084
7.5,0.52,0.2,8.1,0.098,30.0,128.6,0.9989,3.2,0.58,10.36,5.309631907503449
7.9,0.645,0.25,2.9,0.075,18.8,45.0,0.99638,3.49,0.558,12.1,5.8103747551065
10.12,0.38,0.438,2.7,0.0684,12.0,42.0,1.0004,3.16,0.61,10.3,5.613342879556155
8.0,0.43,0.31,2.39,0.069,13.0,74.0,0.9958,3.26,0.54,9.9,5.367771508924091
7.0,0.65,0.02,2.1,0.1044,14.6,25.0,0.9972,3.47,0.67,9.5,5.51207836716338
7.6,0.23,0.4,1.6,0.0898,21.0,67.0,0.99646,3.336,0.63,11.1,5.963421382310435
7.4,0.36,0.29,2.6,0.087,26.0,72.0,0.9964,3.39,0.68,11.0,6.086190518104702
7.4,0.64,0.07,1.8,0.0808,8.0,23.0,0.9961,3.3,0.59,9.6,5.233931651223308
7.2,0.66,0.03,2.3,0.078,16.0,86.0,0.9974,3.53,0.57,10.34,5.214814599193639
7.4,0.64,0.07,1.8,0.084,8.0,23.0,0.9961,3.3,0.59,9.6,5.296524287103847
7.9,0.69,0.162,2.1,0.08,33.0,141.0,0.9969,3.302,0.51,9.9,5.090215103022067
8.4,0.37,0.53,1.8,0.1058,9.0,26.0,0.9968,3.06,1.06,11.08,6.333687213763332
7.42,0.46,0.26,1.9,0.088,22.4,53.0,0.9981,3.43,0.74,9.2,5.717889434433155
7.3,0.32,0.23,2.3,0.1004,24.6,70.0,0.9959,3.238,0.626,9.68,5.392144912308018
9.6,0.651,0.24,3.34,0.0862,5.0,25.8,0.99696,3.188,0.6,10.2,5.478756358614923
10.66,0.67,0.39,2.38,0.054,4.2,17.0,0.9976,3.252,0.47,10.0,4.886483503377316
11.1,0.31,0.48,2.2,0.06,3.0,10.0,0.9957,3.02,0.592,10.9,6.3829283104966255
7.8,0.5,0.3,1.9,0.075,8.0,22.0,0.9959,3.31,0.586,10.4,5.4712422197665775
11.9,0.39,0.69,2.8,0.095,17.0,35.0,0.9994,3.086,0.844,10.8,6.38741490777312
6.4,0.795,0.058,2.2,0.065,15.4,52.0,0.99808,3.452,0.52,11.6,5.459954231247886
7.5,0.53,0.14,2.1,0.0822,15.0,29.0,0.9932,3.35,0.718,10.26,6.094259901530168
8.8,0.4,0.4,2.0,0.0906,29.6,70.8,0.998,3.162,0.64,9.2,5.360475383254936
8.9,0.745,0.12,2.82,0.077,15.0,48.0,0.99708,3.2,0.47,9.7,5.0539641952620125
11.5,0.42,0.48,2.6,0.077,8.4,38.6,0.9985,3.09,0.73,10.48,5.998088238461847
8.3,0.54,0.28,1.9,0.077,11.0,40.0,0.9978,3.39,0.61,10.0,5.202535803569255
12.5,0.434,0.54,2.3,0.082,12.0,16.6,0.9997,3.05,1.36,10.2,6.135381899848838
7.32,0.875,0.13,2.4,0.088,4.0,22.4,0.9994,3.464,0.52,10.26,4.1238934123597435
9.1,0.5,0.358,1.9,0.0772,8.0,31.6,0.9972,3.32,0.71,10.5,5.899237445776833
7.2,0.62,0.06,2.7,0.077,15.0,85.0,0.9975,3.51,0.54,9.76,5.004206573596851
8.1,0.825,0.162,2.1,0.0768,5.0,13.0,0.9972,3.37,0.77,10.7,5.265218257182654
8.2,1.33,0.0,1.7,0.0866,3.0,12.0,0.9964,3.53,0.49,10.9,4.4379149742892805
11.6,0.514,0.4,2.32,0.091,6.0,28.0,0.997,3.07,0.59,10.0333,5.465718226895708
8.4,0.31,0.29,2.36,0.194,14.0,26.0,0.9954,3.22,0.78,9.96,5.8905482688448005
7.86,0.402,0.49,2.7,0.119,15.0,33.0,0.9982,3.42,0.9,10.0,5.536302647580617
8.1,0.44,0.49,2.4,0.078,26.0,121.0,0.9978,3.23,0.58,9.2,5.117725838672142
8.9,0.574,0.22,1.88,0.101,10.8,10.0,0.9959,3.21,0.59,10.26,5.90908645783945
8.54,0.35,0.442,2.1,0.062,5.0,14.0,0.9971,3.334,0.79,11.66,6.458708005125346
6.6,0.58,0.02,2.4,0.069,19.0,52.6,0.9939,3.38,0.696,12.6,6.760120769418757
7.5,0.38,0.57,2.16,0.106,5.0,12.0,0.996,3.36,0.796,11.4,5.824609002219493
7.1,0.664,0.25,5.5,0.0874,29.0,129.0,0.9973,3.42,0.72,10.5,5.181298521653177
9.2,0.52,1.0,3.4,0.61,30.9,71.6,0.9996,2.74,2.0,9.4,5.780627712946238
6.2,0.7,0.15,3.66,0.076,13.0,27.0,0.9962,3.526,0.72,11.9,6.033276184516914
11.18,0.6,0.49,2.8,0.075,5.0,19.0,0.9994,3.14,0.57,11.4,5.684209769179186
7.0,0.43,0.3,2.44,0.085,6.0,39.0,0.99708,3.33,0.46,11.9,5.868679576840699
7.7,0.49,0.26,1.9,0.0722,15.2,31.0,0.99728,3.39,0.64,10.46,5.786342896307679
12.16,0.43,0.69,2.1,0.09,6.0,29.4,1.0,3.17,0.62,9.2,5.134773495734164
7.0,0.43,0.02,1.9,0.0804,15.0,28.0,0.9949,3.35,0.81,10.6,6.679717731212888
6.96,0.58,0.23,2.3,0.0838,23.0,94.0,0.9969,3.382,0.62,9.5,5.321138914452839
6.94,0.62,0.19,3.68,0.17,37.8,148.0,0.99758,3.252,0.902,9.2,5.159542164725705
7.16,0.38,0.3,2.62,0.073,31.0,74.6,0.9969,3.42,0.622,9.5,5.424159588154891
6.3,0.51,0.13,2.3,0.0794,29.0,40.0,0.99628,3.42,0.75,11.0,6.066345029852043
6.48,0.582,0.0,2.48,0.1008,48.0,59.0,0.9977,3.61,0.59,11.5,5.726908352812196
9.34,0.436,0.42,2.3,0.087,14.0,38.0,0.9972,3.22,0.61,10.5,5.720278351182491
10.3,0.41,0.42,2.4,0.213,6.0,14.0,0.9994,3.19,0.62,9.5,5.123359418171517
6.1,0.32,0.25,2.3,0.084,23.0,46.8,0.99634,3.378,0.97,10.94,6.568642483825111
7.3,0.59,0.26,2.0,0.08,17.0,104.0,0.9958,3.28,0.682,10.7,5.964493606626723
10.2,0.33,0.46,2.0,0.081,6.0,25.6,0.99662,3.1,0.48,9.98,5.3673725128275915
9.3,0.39,0.44,2.1,0.107,34.0,83.4,0.9978,3.212,0.73,9.5,5.273770741240518
7.5,0.418,0.32,2.86,0.0694,14.8,42.8,0.9966,3.36,0.52,10.54,5.451720182195681
10.4,0.6,0.49,2.8,0.075,5.0,19.0,0.9994,3.14,0.57,11.4,5.677895489439231
5.4,0.74,0.042,2.18,0.0782,16.0,26.0,0.99686,3.514,0.56,11.6,5.438449844721754
6.26,0.614,0.1,2.2,0.0832,20.6,51.0,0.99672,3.52,0.638,11.2,5.803990256532756
5.3,0.47,0.11,2.2,0.0666,16.0,89.0,0.9918,3.54,0.88,13.6,6.671295269105043
8.2,0.43,0.6,3.0,0.104,10.0,53.0,0.9983,3.39,0.654,11.22,5.166391844790652
10.6,0.42,0.48,2.7,0.065,5.0,14.6,0.99622,3.21,0.87,11.3,6.373561951507785
7.4,0.536,0.122,2.38,0.071,14.0,25.0,0.99734,3.35,0.63,10.26,5.797492495965061
12.2,0.45,0.49,1.4,0.0724,3.0,6.0,0.9969,3.13,0.63,10.4,5.922240559777679
10.3,0.59,0.438,4.43,0.09,35.0,73.0,0.999,3.28,0.7,10.1,5.36734726378047
7.5,0.42,0.31,1.6,0.08,15.0,47.8,0.9978,3.31,0.64,10.32,5.772540426686881
8.4,0.42,0.376,3.3,0.105,33.0,98.0,1.001,3.2,0.95,9.2,5.5369345506205585
8.6,0.38,0.344,3.0,0.081,30.0,119.0,0.997,3.2,0.72,9.4,5.374154961722362
8.28,0.59,0.5,3.24,0.337,27.0,67.0,0.9964,3.04,1.61,9.5,5.290852327029832
7.1,0.59,0.02,2.3,0.082,24.0,94.0,0.9974,3.55,0.53,10.02,5.094492186052719
8.42,0.39,0.404,1.8,0.118,6.0,14.0,0.9982,3.3,0.74,9.8,5.414906573270512
10.7,0.41,0.51,2.0,0.121,7.0,20.0,0.9996,3.156,0.76,10.4,5.55900053080837
7.5,1.115,0.1,3.1,0.0808,4.2,12.0,0.9958,3.54,0.6,11.2,5.5042594055418865
8.0,0.56,0.244,2.42,0.064,13.0,29.0,0.99666,3.436,0.626,11.7,5.967771681682638
8.1,0.29,0.408,2.2,0.0898,35.0,91.4,0.995,3.27,1.01,12.4,6.644993036465134
8.02,0.63,0.33,6.7,0.235,66.0,115.0,0.99772,3.29,0.56,9.5,5.186146403055801
10.6,0.386,0.528,2.5,0.1064,16.2,54.6,0.99598,3.118,0.86,10.94,5.974716958939317
9.88,0.35,0.432,2.1,0.062,5.0,14.0,0.9971,3.178,0.79,10.9,6.334123093394031
9.8,0.402,0.39,1.7,0.062,3.0,9.0,0.9948,3.14,0.642,10.7,6.440490364257409
9.3,0.27,0.41,2.38,0.091,6.0,22.0,0.998,3.28,0.7,11.36,6.239398972677467
8.2,0.228,0.36,1.9,0.057,43.0,74.0,0.99672,3.362,0.684,12.0,5.933397762626202
7.8,0.53,0.04,1.7,0.076,17.0,31.0,0.9964,3.33,0.62,9.56,5.7464564132139255
7.5,0.63,0.18,1.6,0.0982,24.0,58.0,0.99652,3.34,0.606,9.4,5.150214485465128
7.0,0.38,0.49,2.5,0.097,33.0,70.0,0.9962,3.39,0.77,11.4,6.157603158691166
12.5,0.6,0.458,4.3,0.1,5.0,14.0,1.001,3.216,0.74,10.76,5.786186937259809
7.42,0.58,0.194,1.9,0.0772,13.2,31.0,0.99814,3.29,0.592,10.68,5.9473145258016515
13.0,0.452,0.49,2.26,0.085,10.8,47.0,0.99602,3.076,0.68,9.56,5.434149081437302
7.12,0.645,0.03,1.9,0.086,14.0,57.0,0.99666,3.37,0.63,10.3,5.590542676818983
7.88,0.44,0.15,1.86,0.076,22.0,65.4,0.99738,3.316,0.62,9.3,5.667619989064635
12.0,0.28,0.49,1.9,0.0756,10.0,21.0,0.9976,2.98,0.652,9.66,5.929458541621594
6.8,0.59,0.06,6.0,0.072,11.0,18.0,0.9962,3.446,0.68,10.8,6.014794487009114
6.1,0.21,0.406,1.4,0.066,40.5,165.0,0.9912,3.25,0.83,11.9,6.790429493693919
8.8,0.27,0.46,2.1,0.095,20.0,29.0,0.9949,3.26,0.834,11.3,6.682831308393262
9.0,0.8,0.102,2.4,0.083,14.8,28.0,0.99754,3.33,0.65,10.4,5.610395308291244
10.04,0.433,0.4,2.4,0.071,7.6,19.0,0.99644,3.178,0.73,10.6,6.237580469293843
7.0,0.6,0.04,2.5,0.0852,21.0,88.0,0.99688,3.35,0.55,9.5,5.264299838601395
7.5,0.705,0.24,1.8,0.36,29.4,63.0,0.9964,3.136,1.59,9.5,5.1807135212092525
6.4,0.57,0.12,3.12,0.12,19.8,42.2,0.9952,3.47,0.71,10.32,5.554570775994498
9.4,0.636,0.28,3.2,0.087,18.0,72.0,1.0001,3.136,0.53,9.68666,5.048751437301172
11.9,0.432,0.66,3.1,0.109,4.8,23.0,1.0,3.15,0.85,10.4,5.400776814548645
7.26,0.88,0.28,2.4,0.086,30.0,147.0,0.9979,3.24,0.53,9.4,4.769270279576544
7.8,0.52,0.226,1.9,0.081,14.0,38.0,0.9984,3.43,0.65,9.0,5.818328738197917
8.14,0.55,0.336,2.02,0.074,21.0,51.4,0.9974,3.25,0.564,10.00666,5.230730241502431
10.7,0.462,0.53,2.08,0.07,3.8,16.0,0.99688,3.194,0.65,10.48,5.589505010249523
7.4,0.537,0.134,1.8,0.082,15.0,34.0,0.9966,3.34,0.68,10.04,5.7684746710779224
7.5,0.481,0.176,1.7,0.084,13.0,42.0,0.9954,3.36,0.54,10.5,5.699255914866586
9.18,0.45,0.34,4.51,0.1014,31.6,72.0,0.998,3.342,0.6,10.66,5.4937136289429045
8.0,0.31,0.512,4.21,0.216,5.0,16.0,0.9936,3.328,0.81,12.5,6.968840372624037
6.1,0.48,0.09,1.7,0.0774,18.0,30.0,0.994,3.588,0.54,11.2,5.3672634772740535
8.9,0.48,0.53,4.0,0.101,3.0,10.0,0.99628,3.21,0.794,12.1,6.818305837351683
7.5,0.685,0.07,2.5,0.058,5.0,35.0,0.99732,3.38,0.55,10.9,5.315412966650007
11.6,0.44,0.64,2.1,0.059,5.0,15.0,0.99722,3.156,0.67,10.2,5.189659107966776
6.7,0.484,0.02,1.94,0.064,29.0,38.0,0.9947,3.3,0.56,9.9,5.651326489158692
7.76,0.63,0.196,2.0,0.083,30.2,91.0,0.9962,3.26,0.678,9.8,5.313156744078127
8.2,0.78,0.0,2.2,0.0748,13.0,26.0,0.9975,3.37,0.604,9.6,5.060715636192778
7.58,0.5,0.204,1.5,0.085,19.0,49.0,0.9968,3.35,0.78,9.5,5.5612999609826845
7.1,0.408,0.2,1.9,0.077,28.0,45.8,0.9956,3.38,0.64,10.4,5.811990887629041
9.8,0.629,0.19,3.2,0.081,8.0,30.0,0.9984,3.264,0.58,10.5,5.502008422672545
11.04,0.426,0.64,2.4,0.107,6.0,15.0,0.99638,3.238,0.66,11.8,6.04313269098011
7.94,0.48,0.294,2.0,0.076,20.6,61.0,0.9953,3.376,0.6,10.02,5.263929550485412
7.3,0.67,0.05,2.02,0.0696,10.6,20.0,0.9972,3.382,0.63,10.22,5.42468891382029
7.9,0.486,0.25,2.9,0.074,16.2,45.0,0.99706,3.49,0.586,12.1,5.8960879914360005
7.16,0.78,0.23,2.6,0.059,5.0,34.4,0.99692,3.37,0.56,11.3,5.494237523736818
8.5,0.655,0.49,4.32,0.122,34.0,151.0,0.99784,3.31,1.14,11.1,5.352716765212905
7.84,0.53,0.14,2.1,0.075,15.0,29.0,0.9932,3.35,0.594,9.98,5.5462475474419834
6.96,0.665,0.01,1.7,0.054,5.0,27.0,0.9934,3.57,0.84,11.2,5.854896928281053
7.6,0.645,0.03,1.74,0.0724,14.0,30.6,0.997,3.37,0.46,10.06,5.37927835589617
7.2,0.38,0.38,2.34,0.068,12.2,42.0,0.9936,3.396,0.682,12.9,6.5938445434549955
12.6,0.41,0.54,2.8,0.077,19.0,41.0,0.9994,3.21,0.65,11.3,5.874372691601936
8.0,0.452,0.39,2.1,0.074,5.2,16.0,0.99772,3.27,0.74,12.3,6.774582941532072
12.8,0.615,0.506,5.8,0.0882,9.8,41.6,1.0022,3.07,0.776,10.0,5.615772679136863
11.78,0.464,0.69,2.8,0.095,4.8,35.0,0.9994,3.126,0.87,10.52,5.973963609441857
7.0,0.36,0.232,2.4,0.086,24.4,69.0,0.9956,3.426,0.648,10.1,5.7641744811395945
8.04,0.78,0.23,2.6,0.059,5.0,15.0,0.9968,3.37,0.572,11.3,5.132026499539828
8.1,0.545,0.18,1.9,0.08,13.0,35.0,0.9972,3.346,0.59,9.0,5.848086515252481
7.9,0.584,0.25,2.9,0.071,15.4,45.0,0.9969,3.49,0.664,12.1,6.195855342736108
8.52,0.418,0.5,4.3,0.046,11.0,46.6,0.9902,3.49,0.57,13.6,5.982581372035769
6.1,0.21,0.376,1.4,0.066,40.5,165.0,0.9912,3.25,0.856,11.9,6.723323243910391
9.1,0.775,0.22,3.0,0.079,12.0,48.0,0.9976,3.18,0.51,9.94,5.026055676911604
8.6,0.8,0.11,2.32,0.0852,12.0,31.0,0.9979,3.4,0.608,9.9,4.877656686763045
8.2,0.78,0.0,2.2,0.0858,13.0,26.0,0.99716,3.37,0.64,9.6,5.199506958425621
7.3,1.07,0.09,1.7,0.0722,10.0,89.0,0.9962,3.3,0.57,9.0,4.968261827462846
9.66,0.49,0.546,2.0,0.2702,19.0,45.6,0.9978,2.93,1.98,10.16,5.8209708176124115
9.38,0.48,0.54,2.6,0.085,19.0,64.0,0.99666,3.174,0.61,10.5,5.5202479061258245
6.4,0.39,0.33,3.3,0.0828,12.0,67.4,0.9929,3.36,0.62,12.2,6.155862303283643
8.8,0.61,0.19,4.0,0.094,30.0,69.0,0.9979,3.22,0.602,10.0,5.362141461479302
7.0,0.532,0.08,1.8,0.0852,21.2,44.6,0.99672,3.34,0.54,9.2,5.410719424104185
8.6,0.47,0.266,2.4,0.0754,12.2,29.0,0.9979,3.08,0.46,9.92,5.345879735091142
10.6,0.42,0.48,2.7,0.065,5.0,16.4,0.99618,3.21,0.87,11.3,6.404120708085269
7.5,0.64,0.17,5.4,0.168,30.4,98.0,0.9974,3.28,0.62,10.38,5.549397855865128
7.82,0.46,0.31,2.8,0.093,19.0,98.0,0.99718,3.32,0.63,9.5,5.239216528458898
8.0,0.715,0.05,2.3,0.0828,23.0,81.0,0.9969,3.27,0.54,9.5,5.198210020994821
6.9,0.52,0.238,2.6,0.081,11.8,37.0,0.9969,3.46,0.662,10.78,5.787221361651401
11.6,0.484,0.544,3.65,0.121,6.0,14.0,0.99636,3.106,0.74,11.5,6.080155095979805
5.2,0.34,0.0,1.8,0.05,27.0,63.0,0.99694,3.68,0.79,12.24,6.770148572510408
7.7,0.378,0.302,2.0,0.052,19.0,60.2,0.9951,3.15,0.79,10.9,6.244542153927686
7.3,0.55,0.112,2.22,0.1026,12.4,15.0,0.9951,3.35,0.58,11.0,5.9942960549448205
11.36,0.43,0.58,3.46,0.07,15.0,42.4,0.9963,3.06,0.49,10.92,5.458781284409623
8.74,0.45,0.23,2.2,0.094,16.0,29.0,0.9962,3.21,0.49,10.2,5.459433044619902
6.02,0.49,0.03,1.8,0.044,28.0,87.0,0.9961,3.52,0.82,14.0,6.762828945662456
6.8,0.422,0.296,4.8,0.0804,26.8,39.0,0.9958,3.53,0.622,11.56,6.153439433704695
7.0,0.56,0.13,2.09,0.077,25.0,42.0,0.99658,3.34,0.59,9.2,5.364685854677364
7.4,0.6,0.044,2.1,0.0904,19.2,54.6,0.9965,3.37,0.656,10.1,5.579170633666036
10.32,0.549,0.39,3.5,0.1122,5.0,10.0,0.9972,3.25,0.798,10.7,5.930154811761106
6.62,0.639,0.02,1.7,0.0708,13.0,28.8,0.9954,3.402,0.54,10.5,5.548960477416787
7.58,0.39,0.16,1.4,0.08,12.6,23.0,0.9955,3.34,0.56,9.3,5.554603501214178
10.6,0.44,0.562,4.1,0.114,6.0,25.8,0.997,3.178,0.66,13.4,6.527180610540289
7.64,0.67,0.02,2.52,0.071,11.4,14.0,0.99624,3.428,0.71,11.7,6.394126360086666
7.0,0.58,0.166,4.8,0.0806,12.0,69.0,0.9963,3.32,0.616,11.0,5.8774282119915915
7.4,0.61,0.01,2.0,0.074,17.6,38.0,0.99682,3.48,0.582,9.8,5.075233892193695
8.24,0.63,0.144,2.0,0.083,21.0,91.0,0.9962,3.26,0.682,9.8,5.283237060062105
9.2,0.58,0.2,3.52,0.0814,28.7,115.0,0.99732,3.224,0.59,9.5,5.09615150379328
7.8,0.58,0.02,2.0,0.073,9.0,18.0,0.9968,3.36,0.57,9.5,5.541367015345763
7.3,0.44,0.15,2.04,0.076,22.0,35.6,0.9967,3.382,0.62,9.3,5.687858874325419
6.4,0.63,0.104,1.6,0.08,12.0,32.0,0.9969,3.58,0.66,10.62,5.511147875747834
8.0,0.715,0.13,2.3,0.0766,21.4,81.0,0.9969,3.328,0.54,9.5,5.327739359166761
8.84,0.378,0.37,0.9,0.049,36.0,117.2,0.9901,2.89,0.666,12.7,6.710391746480912
7.34,0.41,0.24,2.28,0.066,18.0,58.6,0.9956,3.34,0.62,11.0,6.011300353129425
8.42,0.45,0.34,2.82,0.0844,20.6,72.0,0.998,3.216,0.6,10.24,5.546856881283219
7.82,0.63,0.17,2.9,0.099,32.4,119.0,0.998,3.09,0.52,9.32,4.9284777936852375
6.6,0.76,0.0,2.9,0.066,18.4,52.0,0.9938,3.51,0.6,11.5,6.038564836196671
6.9,0.736,0.21,4.1,0.074,16.0,65.0,0.9984,3.398,0.72,9.2333,5.087243327642694
7.24,0.54,0.13,2.46,0.0856,26.0,36.0,0.9973,3.406,0.64,9.8,5.494155821018188
12.16,0.49,0.49,2.2,0.083,5.0,12.4,0.99656,3.19,0.43,9.52,4.889281904066094
11.0,0.26,0.498,2.4,0.085,16.2,35.0,0.9971,3.18,0.61,11.8,6.351783571343171
5.6,0.605,0.05,2.4,0.073,19.0,25.0,0.99714,3.56,0.55,12.9,5.69677791675649
7.4,0.39,0.244,1.86,0.082,18.8,67.0,0.9972,3.28,0.55,10.22,5.548589391332247
7.4,0.39,0.222,1.82,0.082,20.4,67.0,0.9972,3.386,0.55,10.14,5.383735614562665
7.68,0.43,0.29,2.26,0.0808,27.0,45.0,0.996,3.374,0.54,10.64,5.5776553762320065
9.3,0.5,0.36,1.8,0.0916,6.0,17.0,0.9967,3.296,0.77,10.8,6.271773418428331
6.26,0.617,0.1,2.2,0.0666,18.4,51.0,0.99786,3.52,0.684,11.2,5.994177844235205
8.3,0.768,0.13,3.04,0.096,14.0,63.0,0.9984,3.158,0.62,9.1,5.029106460281234
9.9,0.57,0.476,2.0,0.104,12.0,89.0,0.99782,3.04,0.9,10.1,5.5274531359136665
9.66,0.537,0.03,4.1,0.071,27.0,46.0,0.9959,3.02,0.47,9.2,5.43534189411191
7.42,0.6,0.04,2.48,0.091,24.8,88.0,0.99684,3.32,0.55,9.5,5.239194682280567
9.1,0.29,0.33,1.94,0.077,13.0,27.0,0.99614,3.26,0.714,10.96,6.495597004791538
6.5,0.52,0.11,1.8,0.073,13.0,38.0,0.9955,3.34,0.56,10.72,5.609679813683503
7.12,0.585,0.18,2.4,0.0794,21.8,60.0,0.9964,3.358,0.54,10.48,5.531785958777183
9.9,0.537,0.45,2.3,0.0784,11.2,62.0,0.9991,3.124,0.62,9.4,5.387595087034659
11.5,0.18,0.51,2.28,0.104,4.0,23.0,0.99632,3.28,0.702,10.1,5.417741788402539
9.92,0.634,0.03,4.1,0.0822,27.0,46.0,0.9959,3.02,0.47,9.2,5.368827043141665
6.8,0.83,0.03,1.8,0.074,4.0,25.0,0.99706,3.38,0.678,9.6,5.1392945363356075
7.02,0.68,0.01,1.8,0.103,21.4,45.6,0.99692,3.352,0.66,10.46,5.523634457046528
8.28,0.529,0.264,2.17,0.0788,6.6,17.0,0.9971,3.32,0.686,11.52,6.106743524612256
8.9,0.28,0.45,1.7,0.067,7.0,12.0,0.9935,3.25,0.55,10.66666,6.108618195010911
5.7,0.6,0.0,1.4,0.063,11.6,18.0,0.9919,3.45,0.56,12.2,6.34173329783336
10.3,1.02,0.152,3.46,0.076,20.6,88.0,0.99702,3.08,0.52,10.1,5.445727807519223
5.7,0.6,0.0,1.4,0.063,15.0,18.0,0.9919,3.45,0.56,12.2,6.322572608693276
8.96,0.412,0.68,8.3,0.05,37.5,278.0,0.9932,3.01,0.718,12.3,6.606821688885745
5.3,0.47,0.11,2.2,0.0716,16.0,89.0,0.9918,3.54,0.88,13.6,6.537371536318188
7.5,0.27,0.336,2.3,0.05,4.0,8.0,0.99736,3.4,0.664,11.0,5.939697479492212
8.46,0.46,0.45,2.6,0.065,7.0,21.0,0.99664,3.32,0.79,14.0,7.0904276785557645
10.0,0.44,0.49,2.7,0.077,7.4,19.0,0.9963,3.226,0.63,11.6,6.0774841285621415
7.2,0.48,0.07,5.5,0.089,10.0,18.0,0.9968,3.438,0.68,11.81334,6.57770634180703
10.1,0.28,0.46,1.8,0.05,14.6,36.0,0.9974,3.18,0.79,11.14,6.199982870892697
6.52,0.61,0.06,1.8,0.077,20.0,65.0,0.9971,3.54,0.58,10.22,4.910912924486527
6.9,0.41,0.33,2.2,0.081,22.0,36.0,0.9949,3.364,0.75,12.54,6.837828068460456
9.5,0.59,0.44,2.3,0.0706,21.0,68.0,0.99652,3.46,0.63,9.5,5.191714779236347
9.16,0.63,0.33,6.7,0.235,66.0,115.0,0.99662,3.242,0.56,9.5,5.182278055995951
6.8,0.91,0.06,2.0,0.06,5.8,11.0,0.9959,3.526,0.64,11.14,6.052734224006652
9.26,0.33,0.59,2.8,0.079,9.0,59.0,0.9976,3.19,0.54,12.0,5.768281017941275
7.6,0.715,0.0,4.27,0.0806,30.0,62.8,0.9953,3.48,0.65,11.4,6.0204671740125715
7.4,0.67,0.23,2.1,0.088,23.6,96.0,0.9962,3.32,0.48,9.72,4.995240132715952
8.04,0.495,0.204,1.5,0.0836,22.0,41.0,0.9973,3.318,0.712,10.96,6.037108809205572
6.8,0.47,0.08,1.98,0.068,22.0,38.0,0.9965,3.42,0.566,10.74,5.614373329211009
9.5,0.61,0.24,2.7,0.092,14.0,44.0,0.99624,3.12,0.74,9.88,5.4519062435165075
12.0,0.28,0.49,1.9,0.073,10.0,21.0,0.9976,2.98,0.628,10.32,5.926970085887829
8.0,0.5,0.39,2.6,0.082,12.0,46.0,0.99662,3.43,0.62,11.28,5.72282005600605
7.9,0.6,0.06,2.78,0.0782,15.0,59.0,0.9964,3.3,0.548,9.4,5.343098598096287
8.0,0.59,0.05,2.0,0.0808,12.0,32.0,0.9973,3.36,0.61,10.0,5.616504038732024
7.7,0.57,0.21,1.5,0.069,4.0,9.0,0.9946,3.16,0.54,9.8,4.947680589470526
7.0,0.62,0.18,1.5,0.0838,12.6,50.0,0.9951,3.08,0.6,9.96,5.288881510229388
9.12,0.18,0.608,4.0,0.1462,10.8,23.0,0.9996,3.28,0.722,10.92,5.394552029503884
7.6,0.42,0.08,1.82,0.077,15.0,48.0,0.9968,3.31,0.59,9.84,5.591376885325674
6.9,0.84,0.21,4.1,0.0732,16.0,59.6,0.99668,3.53,0.72,9.25,5.253169741471934
6.92,0.59,0.1,1.7,0.063,34.0,53.0,0.99616,3.41,0.54,9.96,5.158017805600195
8.9,0.45,0.45,1.9,0.052,6.0,25.8,0.99674,3.35,0.7,10.98,5.678417432124488
7.1,0.562,0.14,2.2,0.07,15.0,37.0,0.9962,3.36,0.572,10.7,5.644327034819497
7.84,0.42,0.19,2.3,0.0744,18.0,36.0,0.99676,3.39,0.56,10.9,5.699312617142909
7.2,0.38,0.25,1.8,0.073,31.0,70.0,0.9969,3.42,0.582,10.98,5.5853562530354885
9.7,0.55,0.17,2.24,0.09,20.0,53.0,1.0004,3.14,0.61,9.4,5.286952013320366
6.5,0.46,0.13,2.4,0.114,9.0,16.2,0.9973,3.66,0.65,9.8,4.87998033228823
7.0,0.587,0.124,2.16,0.0768,38.0,142.0,0.99732,3.22,0.55,10.82,5.844530345058993
10.2,0.407,0.42,2.4,0.071,7.0,22.6,0.9957,3.14,0.79,11.1,6.6040591774650546
8.5,0.47,0.27,1.9,0.058,18.0,46.8,0.9952,3.16,0.58,11.1,5.822176868827965
8.1,0.78,0.1,3.3,0.09,7.8,13.0,0.9986,3.36,0.612,9.5,4.866447836481997
7.86,0.428,0.32,2.9,0.075,28.8,122.0,0.99686,3.22,0.736,9.7,5.268203757963508
11.3,0.354,0.52,2.36,0.09,20.0,47.0,0.99742,3.15,0.57,10.5,5.448617112169624
7.4,0.785,0.19,2.14,0.077,19.0,98.0,0.9971,3.31,0.768,9.6,5.313281999936248
7.8,0.53,0.04,1.7,0.076,17.0,31.0,0.9964,3.33,0.624,10.18,5.99853327051643
7.64,0.46,0.45,2.4,0.065,7.0,37.6,0.99654,3.32,0.79,14.0,6.982870476067792
7.8,0.42,0.322,2.66,0.068,11.0,37.0,0.996,3.34,0.61,11.6,5.961104155211062
12.3,0.39,0.63,2.3,0.0806,6.0,18.0,1.0004,3.16,0.49,10.62,5.027956370971679
