8.184532525428404,0.42,0.09,2.3,0.054,34.0,29.60180295454569,0.9969017037900326,3.2814366067325915,0.68,10.4,5.786450364537115
7.3,0.59,0.26,2.0,0.08,17.0,104.0,0.9958,3.28,0.6237841888528705,9.640280038133387,5.254567704773881
7.8,0.64,0.25525077383017314,6.0,0.09486036448356017,5.0,49.12286432627345,0.9961217290226896,3.37,0.7061508969965979,10.1,5.480893834680205
8.21601089548928,0.44,0.47,2.5,0.0887194867585215,9.0,65.81110020548059,0.9981,3.2300361138952156,0.65,10.8,5.34959560175652
6.8,0.775,0.0,2.8868842965362376,0.102,8.0,23.0,0.9976369014036728,3.45,0.56,10.7,4.787486375610133
8.545044655455035,0.23,0.4,1.6,0.08329871348610253,21.0,67.0,0.996567012050074,3.304369268828128,0.63,11.1,5.697653426959035
7.6,0.5779642892543702,0.0,1.9814265829412936,0.076,33.0,45.0,0.9961841306282085,3.31,0.62,10.7,5.887320973579627
7.8,0.63,0.24953554799397157,1.7,0.1,14.0,45.25500110014178,0.9961,3.3105286331307124,0.62,9.5,5.216671754269075
8.8,0.61,0.18754036651451328,2.8,0.088,15.389270403157042,46.0,0.9976,3.26,0.51,10.550323084226777,5.487019348060532
7.5,0.49,0.29919339844788695,2.6,0.332,13.431050099590129,14.0,0.9962323253566715,3.21,0.9,10.5,6.161842272395021
7.4,0.785,0.19,2.882038805752242,0.10599694210698082,19.0,98.0,0.9971,3.3642515080118827,0.7069842727254904,9.6,5.269095460026019
8.196528274585916,0.4,0.52,2.0,0.07517229902229745,17.047264001179844,54.0,0.9972721597984987,3.03,0.66,10.2,5.696295093976877
7.1,0.715,0.0,2.35,0.071,21.0,44.09125777913564,0.9963,3.29,0.6120536759615787,10.361239743479508,5.69192926213545
7.1,0.755,0.15,2.4733679970952176,0.09983930618039172,20.0,84.0,0.9959,3.19,0.6797608774161599,10.411020581840914,5.496231146809464
8.562937756189232,0.5601494187504634,0.24,2.398889973682357,0.077,18.0,34.0,0.9948,3.323778240178785,0.6,9.72366960647365,5.429080916867985
8.611972178288552,0.48758233251878474,0.12,1.9,0.091,15.475233884756463,59.09552991178499,0.9956,3.44,0.48,9.982643971030589,5.299817831254272
5.1,0.42,0.0,2.26563715212868,0.044,18.0,88.0,0.9971137043907178,3.3298935282110995,0.73,13.6,6.075966730633532
7.5,0.58,0.56,3.1,0.153,5.0,60.66757806070817,0.9948,3.21,1.03,11.6,5.937638325380662
8.5,0.5297712911978555,0.56,2.4364900388118795,0.09276223664912683,35.0,64.14850633885999,0.9961506527136947,3.2803090987750183,0.75,10.5,5.914112154048001
8.217061283359252,0.545,0.06,2.134489747455741,0.087,18.133485804114308,45.32733870128159,0.9965,3.36,0.6671465771487469,10.414145545405733,5.944256725605679
7.830907962046111,0.42,0.36739005348157766,3.3,0.105,33.0,98.0,1.001,3.2,0.95,9.2,5.390742283616293
8.274738248779387,0.554918033167088,0.25522189268942036,2.7,0.077,16.371191904355417,36.24064342091155,0.9975,3.341796599964544,0.54,10.531603841389595,5.394536232679298
6.9,0.5964513675305034,0.11,2.541361495739501,0.043,6.0,12.0,0.9935,3.3,0.65,10.58572666199769,6.160847343912489
7.1,0.5007248465220281,0.0,2.3,0.087,16.292887606345936,48.59482768572296,0.9978,3.45,0.53,11.01051603437253,5.426905441857894
7.5,0.685,0.07,2.5,0.058,5.0,53.62410352442148,0.9970256667201333,3.38,0.55,10.9,5.112139772973694
7.3,0.48,0.10891336953643205,2.985068363442481,0.062,31.0,54.0,0.9973,3.3,0.65,11.04013951747797,6.067580384481156
7.6,0.41,0.22108324051937578,2.552074006566352,0.08,4.0,37.57683329546225,0.9962,3.28,0.59,9.5,5.301019627909364
11.2,0.5938424922301678,0.55,2.3,0.084,6.0,13.0,1.0,3.17,0.71,9.5,5.927957646615638
7.9,0.52,0.1527508721498251,1.9,0.079,42.0,140.0,0.9964,3.3950671879317733,0.54,9.5,5.088794848615429
7.9,0.545,0.06,4.0,0.087,27.0,61.0,0.9965,3.36,0.6463250562202747,10.7,5.9076353444032925
8.280699046688698,0.71,0.25569217642292397,1.6,0.092,22.0,41.423306342901,0.9963,3.2094884890702695,0.58,10.0,4.9208685533819105
7.2,0.4865503861960017,0.44,2.6,0.066,22.0,58.18804763541621,0.9949,3.2556898479206167,0.84,10.390725526983198,6.2205069447317864
8.0,0.5282384421975724,0.34,2.2,0.073,16.0,25.0,0.9964083863210235,3.28,0.66,10.74370698937459,6.20141902971462
5.6,0.66,0.0,2.5,0.066,7.0,15.0,0.9926,3.52,0.58,10.795401259837211,4.891222315087301
7.773947096100783,0.5155788399079714,0.2613343903173049,2.26678275451673,0.071,17.0,65.0,0.9993,3.22,0.78,10.1,5.68499139608158
7.2,0.835,0.0,2.0,0.166,4.0,11.0,0.9961,3.39,0.52,10.0,4.729748207815273
7.621010357422274,0.44460514827562514,0.14805545225309227,2.273954839087028,0.060524428818145876,19.843376254992215,17.0,0.995837764296778,3.32,0.6718562438419812,10.743797945239866,6.509169433689889
6.8,0.68,0.21,2.660181785832018,0.07,9.0,30.30325577907355,0.9955,3.38,0.6,10.87113455161848,5.094751809298158
8.659198096637104,0.43648616709611293,0.26,2.0,0.08,31.0,35.319882308836384,0.9962,3.280639338972779,0.52,9.9,5.167000654417531
7.9,0.29,0.2719748613944416,2.2,0.09028861751018125,22.88931454129057,59.0,0.9971,3.31,0.67,10.496999794548014,5.718498314615559
8.074050884788791,0.5826306511541578,0.38051826546861656,2.3,0.063,19.10886869337363,19.0,0.9972041709805067,3.17,0.81,11.2,6.224848710821492
8.2,0.5482034994755512,0.09,2.0,0.1039778360779185,15.687440983775483,10.0,0.9942,3.28,0.6312498632915815,11.8,6.021756568290934
10.5,0.5062886043394512,0.18593242280473968,2.1,0.07527423589527094,6.0,24.0,0.9978,3.36932862633278,0.9,11.0,6.095504563622785
8.227572781729899,0.35,0.2683431302128312,2.0,0.067,28.0,48.0,0.9972143913422791,3.43,0.54,10.307375802507513,5.202039488056031
6.9,0.41,0.33,2.2,0.081,22.0,36.0,0.9949,3.224540271442035,0.75,10.535135405139307,6.364001909285905
8.9,0.5570438782679689,0.30406567616740643,2.9997452633366937,0.101,17.105918193287337,10.0,0.9959,3.21,0.59,10.752127910730033,5.912131029576945
7.6,0.9,0.22815703919821695,2.5,0.079,5.0,52.385804863708785,0.9967,3.39,0.56,9.8,4.594565299227851
8.009793022199478,0.635,0.2624737455165188,2.7014243358085506,0.09421089861385466,17.271877512217717,18.0,0.9961,3.3730156078353257,0.59,10.3,5.656346323803921
8.2,0.5426566675517173,0.30434178676372,1.9,0.057,43.0,74.0,0.9965984810538198,3.314382900908349,0.713654784987926,12.0,5.666916984466704
8.550778187289563,0.4,0.31,2.8879870159781933,0.09,13.0,44.23519400056955,0.9966,3.240893732234119,0.63,10.5,5.940867020413927
6.5,0.4,0.1,2.0,0.076,30.0,49.04601668655756,0.9955,3.36,0.48,9.4,5.126073327088407
7.965271775114437,0.55,0.3408393238916855,2.319953305272656,0.091,18.0,48.0,0.9994,3.22,0.64,10.3,5.700482808078209
8.065916437294259,0.43356273930707845,0.04,2.363039028455673,0.066,14.293293289900353,20.0,0.9963381592673638,3.2841475882670363,0.6815350118440978,10.893437585023507,6.529682577662275
8.0,0.5408870962679154,0.20511665544423777,2.756466695422464,0.08,15.820131705995353,42.6688958390526,0.9961,3.3743507901292644,0.49,10.61246318575263,5.580578869005554
8.743129211151384,0.72,0.21278249455169693,1.7,0.136,24.0,25.264670506450063,0.9975,3.389506218145545,0.94,10.0,4.929687430541802
8.743588759425169,0.62,0.03,1.5,0.08,6.0,40.39215661704108,0.995,3.66,0.62,10.1,5.404248065162578
7.4,0.37,0.43,2.6,0.10151282078717151,18.0,82.0,0.9971,3.2987810330361027,0.6969002391779392,11.243567828408041,5.968659825921639
6.5,0.9,0.34209998720987594,1.6,0.052,15.990426691680964,17.0,0.9970076945547314,3.3445188918421342,0.6742805189647622,10.574032516700527,5.347962291074494
8.8,0.45,0.11476000054102489,1.4,0.076,12.0,21.0,0.9955,3.21,0.75,10.2,6.263092742462311
7.5,0.5847675883499259,0.2,8.1,0.098,30.0,64.1826931583071,0.9989,3.2,0.58,10.755202953638943,5.499414473597126
8.114699779460029,0.77,0.0,2.212428338217728,0.066,34.0,52.0,0.9976,3.62,0.68,10.22421318534937,5.226023141888311
8.6,0.33,0.24658750671783963,2.6,0.083,16.0,45.425554695211204,0.9978,3.3,0.6528226698678704,10.755265714344233,5.840139174758161
6.6,0.735,0.02,7.9,0.10408827417385048,11.673681752947168,39.75866668011512,0.9994,3.47,0.6715763469821536,10.344418070897744,5.008555687442749
7.1,0.6041922878259397,0.14826719855561615,1.9,0.077,28.0,38.73230109236938,0.9956,3.37,0.64,10.4,5.876168660984696
6.5,0.58,0.17949213815032308,2.701269713870105,0.096,3.0,13.0,0.9956,3.62,0.62,11.5,5.208597155738574
8.50838936590592,0.5045320222255747,0.11,2.2,0.048,16.0,64.04519973540623,0.9969489831847062,3.2441178671943183,0.88,13.5667,6.089584751403528
10.5,0.51,0.64,2.643946570459179,0.09185435301506606,6.0,15.0,0.9973,3.09,0.6957278424424961,10.979520221350016,6.125646471132017
9.2,0.54,0.31,2.3,0.10084079811198332,11.0,38.0,0.997,3.24,0.6216284182229128,10.9,5.631134564418338
7.8,0.56,0.35582830573156154,1.8,0.10408051318637838,12.0,47.0,0.9964,3.19,0.6165799072585763,10.608744535368443,5.278765270696793
8.5,0.37,0.2,2.8,0.09,18.0,58.0,0.998,3.34,0.7,9.6,5.72313023459963
8.5,0.48281848934654564,0.23570208506211515,2.1,0.11272331303569283,5.0,43.268775812674555,0.9967,3.2,0.48,9.8,4.8597534301984835
8.071955545305299,0.605,0.2648918733785956,1.9,0.096,14.377266781825522,31.0,0.9971398726033917,3.308882592544007,0.53,11.8,5.531553650920225
8.80853239239811,0.5605765249485681,0.37694848021822325,2.1,0.074,16.728953512979196,16.0,0.9975326439549642,3.27,0.74,12.3,6.393462091690688
8.7,0.42,0.21744091614569483,2.3379757626410367,0.072,32.0,36.10412009279411,0.9962,3.33,0.77,12.0,6.367988986944044
8.0,0.58,0.16,2.0,0.12,3.0,54.51238397390335,0.9966429926691814,3.3110779357782016,0.58,11.2,5.23302740220549
10.2,0.4599056196389586,0.21778711517952992,2.2,0.11,11.0,37.0,0.9973,3.2744379627929137,0.644619189300974,10.8,5.364796179415219
7.5,0.45939743789625526,0.20706716623627944,1.7,0.084,13.0,60.06814757848752,0.9954,3.36,0.54,10.5,5.57942739035569
7.3,0.835,0.03,2.1,0.092,10.0,28.07150284524166,0.9966,3.39,0.47,10.298126234666176,4.935976966059673
7.872579121190357,0.58,0.23,2.3,0.07775544893149625,23.0,94.0,0.9969,3.340883296720034,0.6865118649557849,9.5,5.45939265367622
7.0,0.655,0.3511386276093934,2.1,0.074,19.364417870107673,25.0,0.9961,3.212164295251812,0.55,9.7,5.299538087503856
8.191304834205773,0.6857657540771109,0.42364833679086306,2.283400901197269,0.075,32.0,44.0,0.9968845916516856,3.57,0.6592503617630318,10.2,5.609197323901174
7.8,0.34,0.26492102155300423,2.0,0.082,24.0,58.0,0.9964,3.34,0.6786159848093096,9.4,5.519646759482332
8.520378081031371,0.47,0.2645880981689959,2.3,0.055,19.1870756723586,28.0,0.9952,3.2923348861265427,0.8,11.2,5.9672876650868645
7.3,0.5242895900135973,0.14222571158636935,1.2,0.065,15.0,68.70623239702235,0.9946,3.39,0.47,10.0,5.285358375711926
7.944233029780095,0.44559749169218815,0.2890258381901757,2.2,0.088,21.0,39.0,0.9969,3.33,0.6190031965696297,11.1,5.881347094592572
8.541709849500394,0.5513121713687987,0.73,6.55,0.074,14.451656995246102,76.0,0.999,3.17,0.6826196480811312,10.520392823116424,5.647767207444548
7.8,0.4679049952501721,0.01,1.6,0.077,3.0,36.31014848326218,0.995,3.3109893253219833,0.5780611522420497,9.8,5.6145673358823425
10.6,0.5860420113303744,0.18051952204213595,2.5,0.10500879219757966,13.953384231044963,44.72432926981612,0.9969009186837979,3.3578496262845747,0.86,10.709895118562919,6.245343016121058
8.166417057775012,0.4200745852628969,0.51,2.0,0.121,7.0,20.0,0.9996,3.284593504117149,0.76,10.4,5.720844370144163
7.720468286091663,0.4764062090559858,0.23,2.8,0.092,19.88831872562767,104.0,0.9983,3.1,0.56,10.286919833371137,5.0857205947945685
9.5,0.57,0.28052944580883676,2.3,0.082,23.0,63.33636824683626,0.9966383317858287,3.27,0.55,9.4,5.31164771955985
5.0,1.04,0.24,1.6,0.07860433379665394,16.226243714719285,67.42379468900626,0.9969372528757336,3.74,0.62,10.065791497821415,5.247015824505069
6.6,0.735,0.02,7.9,0.0928608554294996,10.590646707163867,45.477285211812806,0.9994,3.47,0.6832856378528753,10.458182691303522,5.171075485980317
7.9,0.515107716881629,0.25,2.9,0.08847135930479433,19.052872416897763,45.0,0.9966188938452629,3.49,0.7213644451316469,12.1,6.34563623128341
7.5968410413230085,0.45924691664524714,0.23935927516636046,2.3311414694351824,0.064,21.0,37.0,0.9952,3.296371170815917,0.77,10.175095164897948,6.019458966736613
6.2,0.56,0.09,2.752263708252687,0.0901769788471353,15.185626496491919,32.0,0.9966910897196433,3.2880782041255134,0.6,10.92397899928812,5.53692385580934
8.7,0.78,0.21683224396475537,1.7,0.10123676111421176,12.0,66.0,0.9962,3.0,1.17,9.2,4.95807715892583
7.6,0.6894304291077109,0.2013598775806414,3.1188192143427687,0.088,16.618310585109345,43.0,0.998,3.48,0.64,9.1,5.041876450320586
8.0,0.6,0.3136928837214705,2.1,0.08,14.368649799467137,105.0,0.9961,3.3,0.49,10.143132972694879,5.123318500435146
12.6,0.41,0.54,2.8,0.09976498698214233,19.0,41.0,0.9994,3.21,0.6581734304473996,11.3,5.793506884566786
6.8,0.67,0.22576000993342585,1.8,0.118,13.0,38.63274538056187,0.9954,3.42,0.67,10.624809753649178,5.202485123039231
8.498192374704528,0.6,0.325502350549968,2.0,0.08,31.0,131.0,0.9962,3.273333110344117,0.52,10.082515397398286,5.107653557847371
12.5,0.6,0.28117333263992117,4.3,0.1,5.0,14.0,1.001,3.2913697275587896,0.74,10.846166843944655,5.463552139975842
6.6,0.815,0.02,2.7,0.072,17.0,34.0,0.9955,3.58,0.6826622513702121,12.3,6.181537309952898
7.644867757167712,0.5263688389412504,0.59,2.740460565261655,0.10424920388791535,23.0,42.0,0.997065335878813,3.3520387378446115,0.5892655039834808,10.5,5.728584671162141
8.8,0.48,0.41,3.3,0.06621847430269334,18.381131297238014,52.0,0.9982,3.31,0.53,10.565695357638878,5.400649627845705
8.235258960864503,0.5440738486838967,0.24063416068971627,2.822534944629453,0.0884072779930883,38.0,142.0,0.9971682049964561,3.22,0.55,10.584577920195676,5.2762564990399285
7.674396840190662,0.44,0.47,2.5,0.09937209088149371,9.0,51.095206790547735,0.9981,3.2941803292584777,0.65,10.8,5.469277209447679
13.2,0.6156553709056393,0.55,2.6419338667900214,0.081,5.0,58.86632007693491,1.0006,3.307675919148912,0.6999223766499247,9.4,5.501913118720741
8.9,0.12,0.45,1.8,0.075,10.0,21.0,0.9968614299981811,3.308222869537535,0.6413589612743882,10.593944425973863,6.030695184669309
8.6,0.42,0.39,1.8,0.068,13.961489927786912,12.0,0.9964632827880141,3.35,0.69,11.7,6.510662525712047
6.6,0.84,0.2150656374516959,2.3,0.059,32.0,48.0,0.9952,3.52,0.56,12.3,6.597996992503047
7.8,0.5355860182411916,0.0,2.6277908525215645,0.08827160233145301,8.0,16.0,0.9964,3.284654076669151,0.59,10.25674576696262,5.786591888306588
5.4,0.42,0.27,2.0,0.092,23.0,55.0,0.9947,3.78,0.64,12.3,6.422754843440661
10.8,0.45,0.21984474503502158,2.5,0.099,20.0,38.0,0.9965466211466011,3.24,0.71,10.8,5.941821511785468
8.3,0.26,0.37,1.4,0.076,8.0,50.00557648211357,0.9974,3.26,0.7,10.418692378975063,6.050404385399541
5.6,0.66,0.0,2.5,0.066,7.0,15.0,0.9926,3.52,0.58,10.583859518605426,4.764449717473655
8.770312835968912,0.45,0.49,2.6336920449120886,0.0668234845485325,15.33807081626176,34.43912327804474,0.9977385305355285,3.35,0.57,9.7,5.287243588239584
8.0,0.5594138926809762,0.63,1.6,0.081,18.662511700717697,29.0,0.9959,3.3,0.78,10.8,5.944630199698576
12.3,0.39,0.63,2.036875572333117,0.091,6.0,18.0,1.0004,3.16,0.6524054015670041,9.5,5.101909586629085
8.7,0.7,0.2668016532736645,2.5,0.07489482853015239,18.331713594425846,15.0,0.9991,3.32,0.6,9.0,5.334149773249349
8.291577785189316,0.37,0.65,6.4,0.08,3.0,48.15499680058606,0.9966499356374934,3.245323212691983,0.58,11.0,5.295723175389312
8.6,0.635,0.68,1.8,0.403,19.0,63.623055666918845,0.9969521907699183,3.02,1.15,10.506817776566418,5.604882936167036
8.74795238009625,0.34,0.0,1.8,0.07969420124999557,14.014071541027025,63.0,0.9916,3.3495618609126887,0.79,10.291839524766209,6.385629061694934
8.5,0.37,0.2,2.8,0.09,18.0,58.0,0.998,3.34,0.7,9.6,5.72313023459963
7.3,0.55,0.1902689906065957,2.417343473426867,0.0531490543890412,18.841487639586706,15.0,0.9951,3.35,0.58,11.0,5.78006569324516
7.4,0.5837623130532809,0.26,2.179593860882799,0.0698571088754037,17.0,91.0,0.9967481283928665,3.29,0.56,9.8,5.175116783663815
6.0,0.45205920270117705,0.0,2.1,0.064,40.0,54.0,0.995,3.54,0.706077047624388,10.7,5.9104195650959355
8.083257178725308,0.49,0.18,2.7,0.0661575586276808,13.0,34.0,0.9969566649526993,3.3054169207022253,0.6772452079281125,9.2,6.239043896921057
7.6,0.55,0.21,2.2,0.071,7.0,28.0,0.9964,3.28,0.55,9.7,5.132414446475089
8.233842488228195,0.39,0.49,1.7,0.08252027140082874,23.0,149.0,0.9969347070788758,3.12,0.669467471894188,11.5,5.736456130277211
9.6,0.6,0.3283405267604337,2.386551419829205,0.079,28.0,71.0,0.9997,3.337908604506274,0.57,9.7,5.128985794911015
7.968276713610806,0.65,0.02,2.1,0.09559816882619257,8.0,60.88821837118023,0.9972,3.47,0.67,9.5,5.286574993024307
7.0,0.38,0.49,2.5,0.097,33.0,51.553492992612206,0.9962,3.39,0.77,11.4,6.303227024002386
10.4,0.33,0.27948167479730546,2.5861778243955054,0.07971072057925879,5.0,22.0,0.9966262645312127,3.26,0.74,11.2,6.528948581847992
8.3,0.3,0.49,2.5705518175205357,0.09,18.584504329946107,24.0,0.995,3.27,0.64,12.1,6.280614395450509
9.1,0.765,0.04,2.1890004608082707,0.08104801192917611,4.0,14.0,0.9966706492051494,3.29,0.6859013753238851,9.7,5.386103763902529
10.2,0.23,0.37,2.2,0.08312394196122302,14.0,36.0,0.9961,3.3203993657025004,0.49,9.3,5.098028785992162
9.1,0.34,0.2660695564473613,2.6573384807577454,0.058,9.0,18.0,0.9939,3.18,0.55,11.4,6.230789350769703
5.6,0.615,0.38627563744343607,1.6,0.07184730941264947,16.0,45.83513821206735,0.9943,3.58,0.52,9.9,5.005006595161952
7.3,0.51,0.18,2.625744346793335,0.08414606341851738,12.0,28.0,0.9977,3.2769630108291614,0.7015109924357825,10.570674128152918,6.25472017101799
7.1,0.59,0.2570935279103101,2.694131695850734,0.077,20.0,67.99084162424924,0.9975,3.55,0.59,9.8,5.186868424616538
9.6,0.4940965626895731,0.2907277777468149,2.251068200176897,0.05914762638029895,5.0,52.84495661533113,0.9966,3.15,0.75,10.5,5.8955008880540065
11.9,0.5504350104842236,0.66,3.1,0.109,19.16034981603011,23.0,1.0,3.15,0.85,10.4,5.868921566279203
8.2,0.64,0.27,2.0,0.095,5.0,31.148394075699883,0.9975,3.13,0.62,10.774064886902483,5.422021820681282
6.6,0.7,0.08,2.8960022124183484,0.09017629177671009,14.0,27.0,0.9967,3.3544817766070576,0.58,10.2,5.117798109577023
8.0,0.715,0.24378563826915564,2.3,0.08788972424978558,18.85094025086728,81.0,0.9969,3.2740144981596653,0.54,9.5,5.223737370638833
8.0,0.5,0.39,2.6,0.082,12.0,46.0,0.9962662086680814,3.43,0.62,10.959079292941588,5.939665262526907
11.9,0.57,0.5,2.5273330913020726,0.11742717092556623,6.0,32.0,1.0006,3.12,0.78,10.7,5.646888367758664
8.1,0.72,0.09,2.2699286911715184,0.084,18.0,49.0,0.9994,3.43,0.72,11.1,6.117748694650638
7.786772001680085,0.635,0.1,2.4,0.08,19.9495540363112,33.0,0.9963837745894918,3.346588710174267,0.69,10.8,6.260509931218788
6.7,0.64,0.2507755281413753,2.47433331301849,0.08,15.214988944843697,59.80100215528976,0.9954,3.3366944094544073,0.6868945719885846,10.9,5.651689217498273
7.4,0.59,0.18917114215282718,4.4,0.086,6.0,48.54435953945293,0.9974,3.38,0.5,9.0,4.790135530392146
7.8,0.61,0.29,1.6,0.114,15.947699551558237,29.0,0.9974,3.3123277289134303,1.56,9.1,5.23463487352613
7.895278254566879,0.81,0.25,2.4286736520827494,0.0808400983795536,34.0,85.0,0.9967,3.2745501678042555,0.42,9.2,5.173886559940337
8.172247439637403,0.5070323462932838,0.3,2.415307432759701,0.07154649075215938,2.0,45.0,0.9973,3.31,0.91,9.5,5.7140300221479885
8.103548878026595,0.44,0.42,2.8902564618910205,0.064,14.0,56.22644380994307,0.9961682311596969,3.25,0.57,10.4,5.787466066624461
6.1,0.32,0.25,2.3,0.071,23.0,58.0,0.9963,3.42,0.97,10.6,6.030016501898394
7.3,0.48,0.32,2.1,0.062,31.0,54.0,0.9973,3.3,0.65,10.0,5.523649633429419
9.3,0.48,0.29,2.1,0.08910626443127209,6.0,16.0,0.9964158092769719,3.22,0.72,11.2,6.120224768564623
8.06345069395778,0.34,0.0,1.8,0.10633845667676466,12.453410435060523,63.0,0.9916,3.314880549114805,0.79,10.976936988734643,6.230184902497841
9.5,0.59,0.44,2.3,0.071,21.0,68.0,0.9992,3.3289906032278855,0.63,9.5,5.372825191483822
7.964329176624452,0.41,0.15,2.633783982280894,0.09214347647355443,16.50835681662077,94.0,0.9979,3.14,0.58,9.1,5.314711206265349
7.803003492169249,0.53,0.3782278439731228,2.4816224264182396,0.039,5.0,19.0,0.9959,3.2902974898494945,0.86,12.4,6.564926639909191
7.9,0.5635703567468455,0.3024499631372904,1.9,0.082,18.95572013338109,144.0,0.9968,3.2,0.55,9.5,5.28437625171016
7.8,0.32,0.2639344644258178,2.7,0.07252004046133616,8.0,17.0,0.9973,3.33,0.78,11.0,6.4606166372795695
14.3,0.31,0.16679263749485546,3.1812137598474592,0.08637988293820201,6.0,27.988611748526953,1.0008,2.86,0.79,8.4,5.887790864998553
6.1,0.32,0.25,2.3,0.071,23.0,58.0,0.9963,3.42,0.97,10.6,6.030016501898394
12.0,0.63,0.15620734991443824,2.745073320846022,0.071,6.0,26.0,0.9966205138044528,3.07,0.6,10.4,5.770066070347722
8.280471080393529,0.6,0.26,2.0,0.08,31.0,131.0,0.9962,3.3230319270006032,0.52,9.9,4.990074230932768
7.3,0.4,0.3,1.7,0.09305587117232117,33.0,79.0,0.9969,3.3564187007287285,0.65,9.5,5.332049963597441
9.4,0.59,0.14,2.958925459508437,0.084,25.0,48.0,0.9981,3.14,0.614075862870213,10.55757160855392,5.618522426713494
8.2,1.0,0.09,2.3,0.065,7.0,37.0,0.9969,3.32,0.55,9.0,5.736741093992836
7.479217256982101,0.56,0.24,2.2,0.079,19.0,58.0,0.9991,3.397695867683542,0.56,10.1,5.388758371987602
12.6,0.41,0.54,2.8,0.10171586019362128,19.0,41.0,0.9994,3.21,0.6674233489537721,11.3,5.8499141404926
7.5,0.6002038210173675,0.3,2.2,0.062,6.0,12.0,0.995,3.284105056083791,0.72,11.5,6.588587609680355
7.0,0.6,0.29896593719634973,2.3840933647745617,0.068,20.0,53.6347888955728,0.9991,3.369821536287223,1.17,10.2,5.55949023285253
7.4,0.5994361371172049,0.34,1.8,0.075,18.0,38.0,0.9933,3.3872115835284036,0.88,10.813121818608,6.213173932639671
7.2,0.33,0.33,2.284506195026614,0.061,16.389216505982425,13.0,0.9967468299627512,3.349997278944307,1.1,10.0,5.929182948626936
7.869260254797961,0.4506729134894424,0.39,1.7,0.062,3.0,9.0,0.9948,3.14,0.6647873762041064,10.721517249549615,6.619093620254434
7.2,0.635,0.25133049460160073,1.9074820660491976,0.07024833851998731,16.0,86.0,0.9975,3.51,0.54,9.7,5.065182757783569
7.1,0.43,0.17,1.8,0.08290920364788923,27.0,51.0,0.9963,3.49,0.64,10.4,5.60898505650362
7.7,0.6,0.0,2.6,0.055,12.898381232846688,13.0,0.996044322304032,3.38,0.56,10.8,5.548850547612808
8.932856140019219,0.645,0.0,2.15,0.08,15.0,28.0,0.996965842115033,3.279486412922616,0.61,12.5,6.212938660787326
7.1,0.72,0.0,1.8,0.07218663513796197,6.0,14.0,0.9963,3.3045335618929883,0.7008831328719387,10.532362064093045,5.667450529159549
7.1,0.6195341797459759,0.2,1.9,0.077,28.0,37.750029178237774,0.9956,3.3204575709058934,0.64,10.4,5.578089103257964
8.6,0.725,0.24,6.6,0.117,31.0,134.0,1.0014,3.402927430690152,0.6111343658765518,10.758906232366071,5.092913003704434
8.216440490244638,0.6,0.08,2.6,0.09637180086275765,3.0,7.0,0.9929,3.277195293054966,0.37,10.033526439298901,4.620065245236834
7.8,0.61,0.29,1.6,0.114,14.263225078210994,29.0,0.9974,3.3282484188356816,1.56,9.1,5.2578424606407435
7.4,0.66,0.0,1.8,0.075,14.94593246468746,40.0,0.9978,3.51,0.7127210860328764,10.497755795889828,5.665846534228413
8.26728680261514,0.46,0.26,1.9,0.088,17.46433718631023,53.0,0.9981,3.43,0.74,9.2,5.663232658769872
9.9,0.54,0.45,2.3,0.071,16.0,40.0,0.9991,3.30860663566726,0.62,10.060462976606585,5.61899747406729
6.0,0.5,0.3704430320055945,2.577149178922662,0.057,14.689645459039388,26.0,0.9967856237053137,3.36,0.45,9.5,4.995059979122144
7.1,0.72,0.0,1.8,0.08583573723999945,6.0,14.0,0.9963,3.233513524396709,0.6445267838229054,10.110654266340378,5.538325081153438
6.3,0.37784561678951456,0.1616119759394912,2.2860835010204306,0.09090977511509926,12.0,26.0,0.9931,3.55,0.51,10.423569860362436,4.843163671284291
5.2,0.49,0.26,2.6108597238125837,0.09,23.0,74.0,0.995553182189272,3.290858839916063,0.6952947684114229,12.2,6.042991581977718
12.8,0.3,0.74,2.6,0.06241088968668401,21.514678991174772,39.410932277910845,0.9994,3.2,0.77,10.282198236139985,6.167196755484587
8.19737043282715,0.63,0.28,2.7,0.08025340803578243,17.834970358221188,69.0,0.9968222870970159,3.26,0.63,10.501608584251242,5.7848024973950976
7.6,0.39,0.31,2.6713906332576065,0.082,23.0,48.235281862111016,0.9965185622358026,3.52,0.65,9.7,5.615852905261155
9.7,0.295,0.4,1.5,0.073,14.0,39.17974404407134,0.9956,3.3349365402293856,0.6208862811460548,10.9,6.06124485793195
8.533740883180027,0.32,0.21170411053739438,2.605980466235097,0.056,12.236751992719245,24.0,0.997,3.22,0.82,10.3,6.029073799902675
7.845602532444091,0.6061294032564599,0.0,3.3,0.096,19.05996965126048,61.0,1.0003,3.6,0.72,10.83028863370273,5.586343144575153
6.1,0.32,0.25,2.3,0.10845475658846164,23.0,38.403463372358104,0.996852683260141,3.34808147814207,0.97,10.471113394578063,6.029670225181724
6.4,0.36,0.21,2.2,0.047,26.0,48.0,0.9966,3.2999916599440007,0.6558296594375916,9.7,5.564145343518296
9.5,0.59,0.44,2.3,0.071,21.0,68.0,0.9992,3.3027205959517394,0.63,9.5,5.376795200638242
8.2,0.42,0.49,2.6,0.0682167574111961,32.0,55.0,0.9988,3.34,0.75,8.7,5.597098135506351
6.9,0.5876877870750656,0.15,2.2,0.076,18.595059997056428,40.0,0.9961,3.41,0.6085304268920031,10.1,5.614290177342065
8.597639558173809,0.715,0.2,2.4,0.076,10.0,38.04709682477775,0.9973,3.31,0.661148582335333,11.036183954945521,5.672519926881634
7.3,0.67,0.05,2.202233305705227,0.0888944185195611,17.183284933923503,20.0,0.9972,3.270431700889404,0.63,10.83560014516142,5.69558820340769
8.8,0.48,0.41,3.3,0.06657308637243486,18.875106472555952,52.0,0.9982,3.31,0.53,10.532894951996239,5.390699570300403
7.75600378319926,0.5553534164455071,0.39,1.7,0.062,3.0,9.0,0.9948,3.14,0.6681346745306668,10.30494301026454,6.234481615278051
7.972821856868534,0.6522751637362839,0.39,1.7,0.062,3.0,9.0,0.9948,3.14,0.6071291343101722,10.616104597283057,5.958198892320723
7.5,0.77,0.2,8.1,0.098,30.0,92.0,0.9967592106273911,3.2789230942248926,0.58,10.261885079460074,5.393509317497955
8.3,0.31,0.2606126853059032,2.131016264087694,0.078,17.0,43.0,0.9944,3.31,0.77,12.5,6.63873547190553
7.4,0.39,0.1884634934147421,2.72700339600606,0.082,18.914697038154653,67.0,0.9972,3.3071594993740594,0.55,10.822032912157894,5.609071353721594
8.883460149575056,0.54,0.45,2.3,0.071,16.0,40.0,0.9991,3.300871750663015,0.62,10.001108855550607,5.6272912906817725
6.6,0.58,0.0,2.0827804260348577,0.1,50.0,63.0,0.9967038128101712,3.3919096057050098,0.6556225150739698,11.4,5.808346630339374
8.2,0.38,0.32,2.5,0.08,24.0,34.9180996170728,0.9962,3.27,0.85,11.0,6.428922320066496
8.1,1.33,0.0,1.8,0.082,17.996393119559905,12.0,0.9966811462032852,3.54,0.48,11.034570973381262,5.211974712090904
7.6,0.645,0.03,1.8788690550483165,0.08472271297548431,14.0,66.72930659310964,0.9963283436569979,3.37,0.46,10.132024344404735,4.998567908971262
8.9,0.5,0.21,2.2,0.088,21.343633510672436,39.0,0.9969,3.333109123537214,0.83,11.1,6.057387578846411
7.980318581829207,0.5261940619518161,0.0,1.9,0.065,18.555117191100464,18.0,0.9972,3.46,0.6493893467710409,9.2,5.906661645076229
6.9,0.54,0.04,3.0,0.07851046615736111,7.0,27.0,0.9987,3.69,0.6435199617853202,10.787788202619694,5.0368065293850925
7.5,0.5748759552554927,0.2,8.1,0.098,30.0,35.956339844246486,0.9989,3.2,0.58,10.850705106450093,5.577300755997331
7.9,0.5196731926694149,0.25,2.9,0.0768870978736825,18.45727261178832,45.0,0.9968506930979159,3.49,0.6396485193254589,12.1,6.1779391229519325
8.105342091510387,0.38,0.23449268485967106,2.7,0.08862812148936584,12.0,42.0,1.0004,3.16,0.61,10.3,5.269663026071237
8.273988637393463,0.43,0.31,2.7256691756597986,0.069,13.0,74.0,0.9958,3.26,0.54,9.9,5.575596960978671
7.0,0.65,0.02,2.1,0.08708411780529436,15.36271321176066,25.0,0.9972,3.47,0.67,9.5,5.579855774077694
8.209854895233233,0.23,0.4,1.6,0.1039012398589987,21.0,67.0,0.9962574478759693,3.2952227786533075,0.63,11.1,5.515809606901488
7.4,0.36,0.29,2.6,0.087,26.0,72.0,0.9964,3.39,0.68,11.0,6.059858948534368
7.4,0.64,0.07,1.8,0.10438598962491408,8.0,23.0,0.9961,3.3,0.7003997186319654,9.6,5.465219699362446
7.2,0.66,0.03,2.3,0.078,16.0,86.0,0.9974,3.53,0.57,9.89941731909009,5.179788360057289
7.4,0.64,0.07,1.8,0.09726848834246446,8.0,23.0,0.9961,3.3,0.6184280882582769,9.6,5.414682208247993
7.9,0.69,0.24541107029588002,2.1,0.08,33.0,141.0,0.9972176130695845,3.3077710646248253,0.51,9.9,4.989436111102266
8.4,0.37,0.53,1.8,0.09258420630976362,9.0,26.0,0.9968022030175544,3.06,1.06,10.595594450915122,6.0135833998856265
8.20696842766056,0.46,0.26,1.9,0.088,14.150953875399942,53.0,0.9981,3.43,0.74,9.2,5.652226319417715
7.3,0.32,0.23,2.3,0.10337970209365477,13.814929561131008,70.0,0.9959,3.297873761046004,0.6936084607111787,10.31230121897615,5.626480237541742
9.6,0.46359074193544747,0.24,2.3601121792207946,0.07907742429792605,5.0,61.86796209518695,0.9967725710629338,3.3045822918981984,0.6,10.2,5.208667339444077
7.949861808644856,0.67,0.39,2.9949492854279582,0.054,13.979957775885332,17.0,0.9976,3.3262820662318915,0.47,10.0,5.14833209769977
11.1,0.31,0.33544092742757275,2.2,0.06,3.0,10.0,0.9957,3.02,0.6353689258814212,10.9,6.602464595234154
7.8,0.5,0.3,1.9,0.075,8.0,22.0,0.9959,3.31,0.6120229574802726,10.4,5.833218023283722
11.9,0.39,0.69,2.8,0.095,17.0,35.0,0.9994,3.3445426547059354,0.6609583591816537,10.8,5.991749349306631
6.4,0.795,0.23238001742096714,2.2,0.065,14.641416427146083,52.0,0.9970780873232111,3.3491327712873544,0.52,11.6,5.62747398660409
8.044039031637794,0.53,0.14,2.1,0.09364730821131348,15.0,29.0,0.9932,3.35,0.6396541391406435,10.743940592231777,5.9830398336526045
8.8,0.4,0.4,2.3868906570824553,0.054456270245307095,22.34351546230394,47.888894010372354,0.998,3.2673278660075717,0.64,9.2,4.991861355573468
8.9,0.745,0.3728945993133337,2.1477621603342083,0.077,15.0,48.0,0.9968898388671092,3.2,0.47,9.7,5.04338455775857
11.5,0.42,0.48,2.6,0.077,17.8470762356248,30.7331372556258,0.9985,3.09,0.6737546808686974,10.526447825762501,5.972143924820413
8.3,0.54,0.28,1.9,0.077,11.0,40.0,0.9978,3.39,0.61,10.0,5.255283464295603
12.5,0.46707002182497487,0.54,2.3,0.082,12.0,75.12459175884342,0.9997,3.310136100440375,1.36,10.44637237334307,5.597165086932711
7.842710291236052,0.875,0.13,2.6469157648400463,0.088,4.0,57.96646694860047,0.9994,3.3262548385308275,0.52,10.836781528983304,4.864239284950534
9.1,0.5,0.24758386769001753,1.9,0.1083351437219664,8.0,64.28741563314065,0.9966072222171757,3.32,0.71,10.5,5.413199426150755
7.2,0.62,0.06,2.7,0.077,15.0,85.0,0.9975,3.51,0.54,10.655618012599854,5.126530989363506
8.1,0.825,0.14275042867975107,2.1,0.12169164755639286,5.0,13.0,0.9972,3.37,0.77,10.7,5.3770172648693855
8.2,1.33,0.0,1.7,0.08730190366219788,3.0,12.0,0.9964,3.53,0.49,10.9,5.07109099942185
11.6,0.4645827468211183,0.4,2.428415719625732,0.091,6.0,28.0,0.997,3.07,0.6918914583424044,10.0333,5.96443586912545
8.4,0.31,0.29,2.381253224786154,0.194,14.0,26.0,0.9954,3.22,0.78,9.990320500450977,5.916864142103131
8.77562707583622,0.6019747438206544,0.49,2.7,0.07425785996946965,15.0,33.0,0.9982,3.42,0.9,10.0,5.853723865363017
7.965359951957972,0.44,0.49,2.4,0.078,26.0,121.0,0.9978,3.23,0.58,9.2,5.109257468856167
8.9,0.49095360542919697,0.193904703417958,2.6110703474931323,0.101,15.483491412002886,10.0,0.9959,3.21,0.59,10.665621023287342,5.86477133276544
8.072766375049893,0.35,0.23022258823613023,2.1,0.062,5.0,14.0,0.9971,3.2654662838145643,0.79,10.087054354854851,5.747384283765799
6.6,0.58,0.02,2.4,0.069,19.0,33.1143081363104,0.9939,3.38,0.6499829397499238,12.6,6.351159020116253
7.5,0.38,0.57,2.6957462246649473,0.106,5.0,12.0,0.996,3.36,0.6954753585529775,11.4,6.147682893631185
7.1,0.4184858545776255,0.19282553777006584,5.5,0.0700169182330567,29.0,129.0,0.9973,3.42,0.72,10.5,5.558805520889582
9.2,0.52,1.0,3.4,0.61,17.588206748613697,47.734719587435315,0.9996,2.74,2.0,9.4,5.925740161747422
6.2,0.7,0.15,2.973466869041717,0.076,13.0,27.0,0.9962,3.295339216918082,0.6369674924311363,11.9,6.163755165929082
8.151524235888795,0.6,0.49,2.8,0.075,5.0,19.0,0.9994,3.14,0.57,11.4,5.770776825648173
7.0,0.43,0.3,3.0143576977494426,0.085,6.0,39.0,0.9968263871744829,3.33,0.46,11.9,6.0252841255269916
7.7,0.49,0.26,1.9,0.0836269316037484,15.884204259046781,31.0,0.9969850534153496,3.39,0.64,10.761352973270938,5.876171910181946
8.245950737339202,0.4942771506919763,0.69,2.1,0.09,6.0,29.103048993860458,1.0,3.17,0.62,9.2,5.08499553458255
7.0,0.43,0.02,1.9,0.07329566350165698,15.0,28.0,0.9949,3.35,0.81,10.6,6.516347931279785
7.999543514469126,0.58,0.23,2.3,0.09829248965704512,23.0,94.0,0.9969,3.3177109444953725,0.6996602991881921,9.5,5.290011316488486
8.192016840574142,0.62,0.19,2.0581741845129087,0.17,20.78177053985356,148.0,0.9963509719159254,3.3253006200271287,0.6400797984685255,9.2,5.190300806208246
8.330217881251151,0.38,0.3,2.501723756705608,0.073,31.0,44.50191195585261,0.9969,3.42,0.6556257982604894,9.5,5.712255595303825
6.3,0.545597898159556,0.13,2.3,0.08070366386539828,29.0,40.0,0.9962661487842379,3.42,0.75,11.0,5.872818122803895
8.084653138087122,0.536555814849313,0.0,2.1048532587726685,0.09072462399192786,48.0,59.0,0.9960617568645032,3.61,0.7671088060835605,11.5,5.989670715422959
7.967134666892289,0.44959438531589235,0.42,2.3,0.087,17.351979486606716,38.0,0.9972,3.271091707699129,0.61,10.5,5.694624456467539
10.3,0.41,0.42,2.4,0.213,6.0,14.0,0.9994,3.19,0.62,9.5,5.407368893839009
6.1,0.32,0.25,2.3,0.0752746456552549,23.0,26.899420317765596,0.9970269143931166,3.264902238487653,0.97,10.323622105196028,5.914164930551873
7.3,0.59,0.26,2.0,0.08,17.0,104.0,0.9958,3.28,0.6997695045798742,10.73263233095736,5.598195744743396
10.2,0.33,0.46,2.0049693556125723,0.081,6.0,40.65942197537071,0.9964753603411254,3.1,0.48,10.65548186836491,5.425417206519661
9.3,0.39,0.44,2.1,0.107,34.0,58.38737451771946,0.9978,3.334021964803422,0.6939643173505072,9.5,5.0230423370540525
8.156518653277551,0.42010221980003576,0.32,2.450155786344345,0.07382761791411593,17.260407655522915,57.002005401551514,0.9966,3.36,0.52,10.742513807930015,5.640273285727867
7.9229441911863825,0.6,0.49,2.8,0.075,5.0,19.0,0.9994,3.14,0.57,11.4,5.762625298503273
5.4,0.74,0.3531857201037853,2.761296034570513,0.10572094467604395,16.0,26.0,0.997609467385622,3.405500738047687,0.56,11.6,5.458152875028144
8.617421013245355,0.5954829139785948,0.1,2.2,0.08711827228175184,17.164800010905626,51.0,0.9969508262339518,3.52,0.6659698360699446,11.2,6.035962497747131
5.3,0.47,0.11,2.2,0.09241778336669126,16.0,89.0,0.9918,3.54,0.88,13.6,6.238179653046919
8.2,0.4963287676865744,0.6,3.0,0.104,10.0,64.06010990118061,0.9983,3.39,0.7281042109004846,10.438302394033208,5.298290300070298
10.6,0.42,0.48,2.7,0.065,5.0,38.510496455882624,0.9971522370766916,3.21,0.87,11.3,6.7882034102347
7.4,0.5920067641977783,0.2238471262771574,2.797563281160606,0.071,14.0,25.0,0.9967107233939696,3.35,0.63,10.92432584608599,5.814021012034256
12.2,0.45,0.49,1.4,0.09080186523085859,3.0,6.0,0.9969,3.13,0.63,10.4,5.7615015093222866
10.3,0.59,0.2378142265143057,2.7893806261106415,0.09,35.0,73.0,0.999,3.28,0.7,10.705245763155999,5.55623550036775
7.5,0.42,0.31,1.6,0.08,15.0,56.461666321979365,0.9978,3.31,0.64,10.453923737101668,5.662923396811941
8.72194252834637,0.42,0.24661156398926293,3.3,0.105,33.0,98.0,1.001,3.2,0.95,9.2,5.372531594294506
8.6,0.38,0.3379374768668556,3.0,0.081,30.0,119.0,0.997,3.2,0.6383914904950799,9.4,5.5096998866599405
8.32948834072775,0.59,0.5,2.789520172013351,0.337,27.0,28.645319216511766,0.9964,3.04,1.61,9.5,5.521041258190594
7.1,0.59,0.02,2.3,0.082,24.0,94.0,0.9974,3.55,0.53,10.255957659292429,5.130323045891681
8.195722835742592,0.39,0.3171173438936287,1.8,0.118,6.0,14.0,0.9982,3.3,0.691137443155115,9.8,5.479202508758137
8.312748744863843,0.5787461784315864,0.51,2.0,0.121,7.0,20.0,0.9996,3.3177941351219795,0.76,10.4,5.549613304556306
7.5,1.115,0.1,3.1,0.08820064429506126,14.988347847243189,12.0,0.9958,3.54,0.6,11.2,5.381572152299093
7.868841828557763,0.56,0.24453396280786086,2.871169742196404,0.064,13.0,29.0,0.9967659961264642,3.348874179513342,0.679869612505512,11.7,6.664785028646308
8.1,0.29,0.2204037041442694,2.2,0.08377916669999795,35.0,54.90183457454132,0.995,3.27,1.01,12.4,6.178770249641033
8.338526581771593,0.63,0.33,6.7,0.235,66.0,115.0,0.9971311710789738,3.2814181995669918,0.56,9.5,5.550727212368843
10.6,0.5218140529174069,0.28121098769117975,2.5,0.056037110925875745,20.09837582774597,31.58309100086535,0.9976175644675809,3.3522785858356685,0.86,9.749631458280174,5.167349319048449
8.697464045849703,0.35,0.26985526797689996,2.1,0.062,5.0,14.0,0.9971,3.217299627481724,0.79,10.77699943385868,6.373985679111688
8.30343101403569,0.6403077946232251,0.39,1.7,0.062,3.0,9.0,0.9948,3.14,0.6746624206420291,10.425866723474387,6.281648385936736
9.3,0.27,0.41,2.5072666992867028,0.091,6.0,34.76608449086004,0.998,3.28,0.7,10.182652592932447,5.703367115760897
8.2,0.5963385482045515,0.37222731930553,1.9,0.057,43.0,74.0,0.9974948538169129,3.3608921039477413,0.6315726841688194,12.0,5.398754138264833
7.8,0.53,0.04,1.7,0.076,17.0,31.0,0.9964,3.33,0.7230404984551373,9.867806308856201,5.734258350487222
7.5,0.36878313438893273,0.18,1.6,0.042995551727227514,24.0,58.0,0.9967372722099487,3.34,0.6854397490299912,9.4,5.600586098498386
7.0,0.38,0.49,2.5,0.097,33.0,43.450923314053526,0.9962,3.39,0.77,11.4,6.384814035326217
12.5,0.6,0.1874281756481469,4.3,0.1,5.0,14.0,1.001,3.318623620935151,0.74,10.465267693216973,5.516638083094619
8.632098752891508,0.58,0.22718094927610788,1.9,0.09296468660880039,14.814210283204147,31.0,0.9965858415138699,3.354283980248952,0.7265123387174806,10.38424603433149,5.629415607859035
13.0,0.49029095985263327,0.49,2.5276431914713444,0.085,18.046761085730054,47.0,0.9964835951177816,3.275744388678695,0.68,10.972857724901703,6.045256217158207
8.434967388109893,0.645,0.03,1.9,0.086,14.0,57.0,0.9967102597783001,3.37,0.6617846297734455,10.3,5.607300540021366
7.979287513676252,0.44,0.15,2.659880212218922,0.076,22.0,35.583999635297644,0.9960337953052935,3.266277466639404,0.62,9.3,6.065411387425697
12.0,0.28,0.49,1.9,0.10197494261386375,10.0,21.0,0.9976,2.98,0.7050630251985975,10.916758159249152,6.167955389609256
6.8,0.59,0.06,6.0,0.0844483603270509,11.0,18.0,0.9962,3.3867236090808426,0.6660294141477143,10.8,6.101623757191933
6.1,0.21,0.2261274306130676,1.4,0.066,40.5,165.0,0.9912,3.25,0.7080689208689118,11.9,6.761037212480829
8.8,0.27,0.46,2.1,0.095,20.0,29.0,0.9949,3.26,0.6560330964496177,11.3,5.921653517635435
9.0,0.8,0.2295415414863431,2.4,0.083,20.826697939668083,28.0,0.9962819829996051,3.33,0.65,10.4,5.587396148685258
8.350773792801048,0.5473742882367519,0.4,2.4,0.071,17.116209720211682,19.0,0.9973949493749572,3.303776243068405,0.73,10.6,6.0403212253146865
8.631703675818367,0.6,0.04,2.1396510415146324,0.08417447616098614,14.579279111797122,88.0,0.9970164140648407,3.321310895902146,0.55,9.5,5.289985639117571
7.5,0.705,0.24,1.8,0.36,14.023140968669066,63.0,0.9964,3.2481358387388024,1.59,9.5,4.829046590832808
6.4,0.57,0.12,2.787480534256957,0.12,17.937920899598744,34.03273422811908,0.9952,3.47,0.71,10.879620599822335,5.846232392497139
9.4,0.567473328880634,0.28,3.2,0.087,18.0,72.0,1.0001,3.285717861800574,0.53,10.806110721437545,5.3212243129896075
11.9,0.5600466329593395,0.66,3.1,0.109,15.279809988613321,23.0,1.0,3.15,0.85,10.4,5.7937452853821965
7.982894208841192,0.88,0.28,2.4,0.086,30.0,147.0,0.9979,3.24,0.53,9.4,4.942555675183163
7.8,0.52,0.2420384491800079,1.9,0.081,14.0,38.0,0.9984,3.43,0.65,9.0,5.932537138562947
7.9718095928157675,0.55,0.2599960089105045,2.4485962982851617,0.074,21.0,51.417718197696104,0.9974,3.25,0.7076549298013709,10.390880178428494,5.876700671869736
10.7,0.48973721706000717,0.53,2.0628889105237813,0.07,15.604466414720552,16.0,0.9967986831216681,3.3576363873150967,0.65,10.025327803025158,5.58635554721109
7.4,0.42839173721853663,0.2471150197674641,1.8,0.082,15.0,34.0,0.9966,3.3425166012730188,0.68,10.10664264441707,5.765958621016904
7.5,0.4297657143221303,0.274161663546806,1.7,0.084,13.0,61.59390819611892,0.9954,3.36,0.54,10.5,5.694750982249905
7.29699302404514,0.45,0.34,2.147058964655658,0.07913675131940219,21.766112551171947,72.0,0.998,3.374810149780107,0.6,10.167263495911829,5.138381982626752
8.0,0.31,0.20703749354459353,2.7689751852924678,0.216,5.0,16.0,0.9936,3.2599009031802293,0.81,12.5,6.40304813728005
6.1,0.5664421299298975,0.09,1.7,0.1012445532226953,18.0,30.0,0.994,3.327531953170189,0.54,11.2,5.333218009679568
8.9,0.48,0.53,4.0,0.101,3.0,10.0,0.9971195027663565,3.21,0.6606438050585056,12.1,6.57265347496778
7.5,0.685,0.07,2.5,0.058,5.0,76.12406958822052,0.9960830262795101,3.38,0.55,10.9,5.297626188266926
11.6,0.44,0.64,2.1,0.059,5.0,15.0,0.9968509128504962,3.3527837997348304,0.67,10.2,5.492190530608388
6.7,0.5542248130427908,0.02,2.2685257029429517,0.064,29.0,38.0,0.9947,3.3,0.56,10.771443531253892,5.809018441977568
8.22370890834841,0.63,0.2550376449765066,2.0,0.083,14.720553628503756,91.0,0.9962,3.26,0.7099314103705154,9.8,5.327741067399592
8.2,0.78,0.0,2.2,0.059551920921875896,13.0,26.0,0.9969686453596049,3.37,0.610277403592827,9.6,5.527891820140051
8.403407029403144,0.5,0.17017476603734177,1.5,0.085,19.0,49.0,0.9970182749824158,3.35,0.78,9.5,5.6995337948399385
7.1,0.5361524111845852,0.2,1.9,0.077,28.0,28.545465258933856,0.9956,3.3647999482224917,0.64,10.4,5.717034596040193
9.8,0.5404811410893429,0.19,3.2,0.081,8.0,30.0,0.9984,3.3090771373525705,0.58,10.5,5.50679579065314
7.524177262161097,0.6169261690014574,0.64,2.4,0.107,6.0,15.0,0.9974436480548632,3.3659335268999593,0.66,11.8,6.046869052256261
8.654919877390574,0.48,0.22320855514217713,2.0,0.076,17.4982824468477,61.0,0.9953,3.316225236496227,0.6,10.94227514305608,5.490949385476643
7.3,0.67,0.05,2.7859661067934742,0.0973880493406073,20.180779228720453,20.0,0.9972,3.2379948160693357,0.63,11.20316178146236,5.969234842230895
7.9,0.6337397432487443,0.25,2.9,0.12131641114778383,15.71336904856199,45.0,0.997290844731274,3.49,0.6330413639307171,12.1,6.1133459710447795
8.272156886325876,0.78,0.23,2.6,0.059,5.0,39.659235148930875,0.9970926843694734,3.37,0.56,11.3,5.32285329617749
8.5,0.655,0.49,2.7388908061021016,0.122,34.0,151.0,0.9978134061715603,3.31,1.14,9.689472650005703,5.092344793277639
8.14303683912581,0.53,0.14,2.1,0.07851067659467656,15.0,29.0,0.9932,3.35,0.712447146831996,10.471704409144886,6.359750947014832
7.964841788872227,0.4048975058056874,0.01,1.7,0.054,5.0,27.0,0.9934,3.57,0.84,10.110578086459766,6.056904797291812
7.6,0.645,0.03,2.6042472334763502,0.07349761367270632,14.0,69.8221131094297,0.9966914994735951,3.37,0.46,10.814704222322698,5.350649519021109
7.2,0.38,0.38,2.8464115060217687,0.068,14.233091292417804,42.0,0.9936,3.2994281032926294,0.7195082630391408,12.9,7.0346478719967465
12.6,0.41,0.54,2.8,0.07900767247859378,19.0,41.0,0.9994,3.21,0.6619729940422823,11.3,5.979111565516342
8.142412379402629,0.4209650152564044,0.15108198452783464,2.1,0.074,16.147388289614632,16.0,0.9967996409074105,3.27,0.74,12.3,6.634208781765187
12.8,0.615,0.3212926189596321,5.8,0.08724052043103728,19.09299238516359,50.05990404540361,1.0022,3.07,0.6422771521589334,10.0,5.736279392552753
8.336241673532653,0.48886058871056637,0.69,2.8,0.095,18.17962961157132,35.0,0.9994,3.2946477979053395,0.6384439381346743,10.40426453173383,5.831613120522968
7.0,0.36,0.16819033939984168,2.4,0.086,16.0402935530552,69.0,0.9956,3.345918303049006,0.6819298113023149,10.1,6.115674671857992
8.097984716772196,0.78,0.23,2.6,0.059,5.0,15.0,0.9966841244269219,3.37,0.6105114593701588,11.3,5.630524999535082
8.1,0.545,0.18,1.9,0.08,13.0,35.0,0.9972,3.3471411247911704,0.59,9.0,5.794362906847539
7.9,0.5264323069733289,0.25,2.9,0.08870121585352211,18.3340933411818,45.0,0.9961501403122043,3.49,0.7326668936046599,12.1,6.342624998711872
7.9463290058275735,0.5561765621221475,0.5,4.3,0.046,14.765943253602751,38.49050655965577,0.9902,3.49,0.6099760350503539,13.6,6.177734540563101
6.1,0.21,0.286587355898883,1.4,0.066,40.5,165.0,0.9912,3.25,0.7112298645017023,11.9,6.881117946718032
9.1,0.775,0.22,2.0334972002361362,0.079,12.0,48.0,0.9976,3.18,0.51,9.921233489591742,4.8004908128802075
8.6,0.8,0.11,2.371942776466378,0.07758114755618242,12.0,31.0,0.9979,3.4,0.6964101216414639,9.9,5.493446054469027
8.2,0.78,0.0,2.2,0.09639951931028068,13.0,26.0,0.997366190459878,3.37,0.582773533963846,9.6,5.377972516018736
7.3,1.07,0.09,1.7,0.08578394706061539,10.0,89.0,0.9962,3.3,0.57,9.0,4.902957610157982
8.068966406327098,0.49,0.14429340864741813,2.0,0.06273833904124965,19.0,35.118251186079256,0.9972362689259812,2.93,1.98,10.149121101807348,5.55323915275056
8.27637120727935,0.48,0.54,2.6,0.085,19.0,64.0,0.9973210200268819,3.3289370114233874,0.61,10.5,5.524882225283175
6.4,0.39,0.33,3.3,0.06546107335554742,12.0,41.284632142706265,0.9929,3.36,0.62,12.2,6.446854475653308
8.8,0.61,0.19,4.0,0.094,30.0,69.0,0.9979,3.22,0.6164131642463855,10.0,5.3621358701318735
7.0,0.48823818143666653,0.08,1.8,0.07322521442347314,16.444418458006766,33.505990804048565,0.9975440932998579,3.34,0.54,9.2,5.279264167048275
8.6,0.47,0.21174529322445895,2.4,0.08384995959126054,14.612552277852277,29.0,0.9979,3.08,0.46,10.731312519489691,5.173950557989722
10.6,0.42,0.48,2.7,0.065,5.0,68.57637555176574,0.9960664850768367,3.21,0.87,11.3,6.387286140720537
8.623711029317668,0.64,0.17,5.4,0.168,12.856497497548435,98.0,0.9974,3.28,0.6868043453795389,10.318624910203912,5.691659353321413
8.306411546668782,0.46,0.31,2.8,0.093,19.0,98.0,0.9966001902813064,3.32,0.63,9.5,5.469873330103852
8.0,0.715,0.21053861845492616,2.3,0.08960255444248637,13.796927305202587,81.0,0.9969,3.3630266340645996,0.54,9.5,5.083818587014083
6.9,0.52,0.2913362853733144,2.6,0.081,17.88076056253394,37.0,0.9969,3.46,0.7296678947096544,10.552174320270492,6.069180254758379
11.6,0.42927064674537413,0.2140208489893883,3.65,0.121,6.0,14.0,0.997084604275631,3.3047363361253326,0.74,11.5,6.184103508121672
5.2,0.34,0.0,1.8,0.05,27.0,63.0,0.9965073067138731,3.68,0.79,11.01227442618675,5.615858914233421
7.7,0.5986440477437983,0.3315790462924155,2.0,0.052,19.0,59.54944723786222,0.9951,3.15,0.79,10.9,5.9842078049134075
7.3,0.55,0.21404608752661253,2.365812930867188,0.08494386721876598,17.018173709408153,15.0,0.9951,3.35,0.58,11.0,5.4687874023287115
8.359191320300777,0.43,0.58,2.665113765452605,0.07,15.0,28.384068658114046,0.9975320583197289,3.06,0.49,10.634465206041213,5.519616100219623
8.235385127846806,0.45,0.23,2.2,0.094,16.0,29.0,0.9962,3.21,0.49,10.2,5.161054214073812
8.531631462901135,0.49,0.03,1.8,0.044,28.0,87.0,0.9964377263235694,3.234422465544591,0.82,14.0,5.954903053031612
6.8,0.6799576472657802,0.28755231195004755,4.8,0.10363982780875697,16.404595717593608,39.0,0.9958,3.53,0.7051262778853956,11.175050015614195,5.749416444190692
7.0,0.56,0.13,2.779359787933858,0.077,25.0,42.0,0.9964578917164002,3.34,0.59,9.2,5.679865044754438
7.4,0.6,0.11080053862298933,2.987062773091666,0.07756117453562576,14.720997736737536,42.23588490465683,0.9967960324400629,3.37,0.6823744553660274,10.589047833430515,6.244251871714179
7.883073795174817,0.49031924541071864,0.18918509401855552,3.5,0.055792775419197305,5.0,10.0,0.9972,3.25,0.5783979541955178,10.920400729031458,4.992973103874425
7.672803902468588,0.5725058796465164,0.02,1.7,0.08030340764554397,13.0,45.42609174987249,0.9954,3.399528496140977,0.54,10.5,5.833473481766102
7.534517913123166,0.39,0.16,1.4,0.08,15.118407428587767,23.0,0.9955,3.34,0.56,9.3,5.671330276099927
10.6,0.44,0.350153193345874,4.1,0.114,6.0,31.02050077021282,0.997,3.3000118163590995,0.66,13.4,6.709170476245993
8.926649844842528,0.6326103833596881,0.02,2.9560889077928625,0.071,19.50588959010945,14.0,0.997255648464396,3.2897349651044308,0.71,11.7,6.556914032041721
7.0,0.58,0.27555256288878444,4.8,0.13235899664786588,12.0,69.0,0.9963,3.32,0.6594447588498905,11.0,5.410584091158315
7.4,0.61,0.01,2.0,0.074,16.610027074725505,38.0,0.9973144156692835,3.48,0.6123305113913652,9.8,5.377765453816619
7.762863091176787,0.63,0.3608777292441375,2.0,0.083,15.971857716770828,91.0,0.9962,3.26,0.6428895631842134,9.8,5.2668245522170745
9.2,0.58,0.2,2.695936147449643,0.09518197642555132,11.340515283179,115.0,0.9972788545246605,3.363129142174603,0.59,9.5,4.905755093381655
7.8,0.58,0.02,2.0,0.073,9.0,18.0,0.9968,3.36,0.57,9.5,5.387385869711864
7.448691161979522,0.44,0.15,2.4598759854459207,0.076,22.0,54.89831824629456,0.9971832937591968,3.376261987398977,0.62,9.3,5.834914182837603
6.4,0.63,0.21378342044034682,1.6,0.08,12.0,32.0,0.9969,3.58,0.66,10.522068654840247,5.251961694409551
8.0,0.715,0.17279291533078844,2.3,0.07928752965592574,17.735569235664403,81.0,0.9969,3.3552499234833686,0.54,9.5,5.309252381475133
8.179917568606768,0.5350580236525116,0.37,0.9,0.049,36.0,35.35792615721461,0.9901,2.89,0.652232946465121,12.7,6.559750091428348
8.310857284094237,0.41,0.24,2.3409216729222675,0.066,18.0,32.76423977521248,0.9956,3.2711720176356596,0.62,10.705369646467497,5.9409847573229015
8.305144122307306,0.45,0.34,2.6685220956603652,0.07003139543118825,15.048484751605553,72.0,0.998,3.332276333360398,0.6,10.831784135433724,5.137137304022559
9.209842649178661,0.63,0.17,2.9,0.099,15.916373968452483,119.0,0.998,3.09,0.52,10.376886518449904,5.118763724656803
8.156420307324318,0.76,0.0,2.9,0.07031929294411882,15.028090243346364,52.0,0.9938,3.51,0.6,11.5,5.914890083581753
6.9,0.5365266022373998,0.21,4.1,0.074,16.0,65.0,0.9984,3.269811986016386,0.72,9.2333,5.503200105312204
8.154293830313383,0.54,0.13,2.593290402706621,0.08760701174280947,17.786555185656614,36.0,0.9973,3.2615190901317024,0.64,9.8,5.83695317836556
8.368582587000756,0.49,0.49,2.2,0.083,5.0,52.35139807473884,0.9962191593024782,3.19,0.43,10.977010852111501,5.3950478981184515
11.0,0.26,0.2905162371373409,2.883797147604425,0.085,19.184060866861127,48.52745626472479,0.9964539780240952,3.18,0.61,11.8,5.686357093908811
5.6,0.605,0.05,2.4,0.073,19.0,25.0,0.9971736748764989,3.56,0.55,12.9,5.7253007817526935
7.4,0.39,0.251920694077422,1.9220916086843314,0.082,16.775489141739396,67.0,0.9972,3.384380687284426,0.55,10.010317686018777,5.269989452526854
7.4,0.39,0.31917330469694394,2.4519267356416177,0.082,13.505832795666409,67.0,0.9972,3.3003819178555016,0.55,9.904156223913578,5.21837427025541
8.30268513928037,0.43,0.29,2.2206376011483075,0.10815801774437611,27.0,45.0,0.996,3.338516224369483,0.54,10.52358893281988,5.524607704829611
9.3,0.5,0.36,1.8,0.09373586341985576,6.0,17.0,0.9962720180463861,3.2804536747684665,0.77,10.8,5.957730366215015
8.034813475275017,0.6501059723587403,0.1,2.2,0.11067093864540056,20.042679524737757,51.0,0.9955203575103735,3.52,0.7778393133444561,11.2,6.032039937354167
8.3,0.5169984926411745,0.13,2.4453896871988317,0.096,14.0,63.0,0.9984,3.2755523287446273,0.62,9.1,5.422813246156867
9.9,0.57,0.2485660916727222,2.0,0.104,12.0,89.0,0.9959813819493051,3.04,0.9,10.1,5.198377637480355
7.894332626032314,0.5751790341510298,0.03,4.1,0.09176138566217562,27.0,46.0,0.9959,3.02,0.47,9.2,5.369377779837122
7.661691583178432,0.6,0.04,2.4096916006315596,0.08969558255544675,14.230597071553936,88.0,0.9962292248934155,3.318858583331555,0.55,9.5,5.438842491005465
9.1,0.29,0.33,2.1975663645561614,0.08352874999948874,13.0,27.0,0.9964383576125335,3.2699054031362915,0.6496624435949631,10.415538632851094,5.8543416718145185
6.5,0.52,0.11,1.8,0.073,13.0,38.0,0.9955,3.34,0.694068446155962,10.734951697248642,6.312730905576449
8.360951521576181,0.585,0.18,2.4,0.07755744001425291,20.953206579077012,60.0,0.9964,3.261965189380236,0.54,11.062232377806641,5.643437745256809
9.9,0.5567324519818553,0.45,2.3,0.09386366000089516,15.930708804238812,40.37571807436499,0.9991,3.3067310818226865,0.62,9.4,5.432078598726993
11.5,0.18,0.51,2.6424057555249605,0.104,4.0,23.0,0.9963787033873838,3.28,0.7198569088721746,10.1,5.626687133668211
7.681893985283566,0.6287686618806342,0.03,4.1,0.09708860074559707,27.0,46.0,0.9959,3.02,0.47,9.2,5.4079590022292745
6.8,0.83,0.2934901854531093,1.8,0.074,4.0,25.0,0.9967987873205826,3.38,0.6441228119809533,9.6,4.877370322515639
9.016283706956905,0.68,0.01,2.4441537388013037,0.103,16.863592138804233,29.7775026158706,0.9963624853990266,3.238459046225088,0.66,11.070040749383573,6.101665149262396
8.351488068520032,0.4952065377789249,0.2341464299948653,2.470099931326373,0.0940900631361957,13.591370286082743,17.0,0.9972072191297535,3.32,0.6903335268069869,9.898302617483424,5.692905539862967
8.9,0.28,0.45,1.7,0.067,7.0,12.0,0.9935,3.25,0.55,9.83922707255038,5.989156621406204
5.7,0.6,0.0,1.4,0.063,18.59539379970723,18.0,0.9919,3.45,0.56,12.2,6.134865728802888
8.437120756766475,1.02,0.16837113183682595,3.3273121485075747,0.076,10.985072536797897,88.0,0.9969782047105447,3.08,0.671302839387842,10.1,5.164650276569654
5.7,0.6,0.0,1.4,0.063,19.888391835141967,18.0,0.9919,3.45,0.56,12.2,6.122411825156471
8.093561201795541,0.4471936908897583,0.68,8.3,0.05,37.5,278.0,0.9932,3.01,0.676356468982839,12.3,6.570952118274215
5.3,0.47,0.11,2.2,0.0678488922364397,16.0,89.0,0.9918,3.54,0.88,13.6,6.3231438533554325
7.5,0.27,0.2754886525889406,2.3,0.05,4.0,8.0,0.9968075608721196,3.4,0.6891823442785465,11.0,6.101409178806885
7.969806300484855,0.46,0.45,2.156774808458021,0.065,7.0,48.619136274902075,0.9965721622806644,3.32,0.79,14.0,6.526768557331566
10.0,0.44,0.49,2.7,0.077,15.87135758666332,19.0,0.9963,3.304491757499681,0.63,11.6,6.440880308906964
7.2,0.48,0.07,5.5,0.089,10.0,18.0,0.9968,3.2982933290431755,0.68,10.51652835864535,6.17580066819956
10.1,0.28,0.46,1.8,0.05,20.492561806868185,57.33981968242817,0.9974,3.2971459165531454,0.79,10.180387085353457,5.677474835410486
8.219397727818611,0.61,0.15064350571486468,1.8,0.077,15.62180803961024,65.0,0.9971,3.54,0.58,10.52201287363667,5.523506382851314
6.9,0.41,0.33,2.2,0.081,22.0,36.0,0.9949,3.303877433727724,0.75,10.906730577075411,6.355146468364443
9.5,0.59,0.44,2.3,0.09015179954070639,21.0,68.0,0.9967901662990042,3.46,0.63,9.5,5.5367768115882665
8.388715514512304,0.63,0.33,6.7,0.235,66.0,115.0,0.9972210366591354,3.286728375494361,0.56,9.5,5.473432655693016
6.8,0.91,0.06,2.0,0.06,19.3950097126604,11.0,0.9959,3.3079285876182163,0.64,10.102957252408217,5.322245044948187
8.15009968207267,0.33,0.59,2.8,0.079,9.0,42.06172423396211,0.9976,3.384598973192738,0.54,12.0,5.92740466419322
7.6,0.715,0.0,2.0293045106159147,0.08314541138374644,30.0,62.02482451119837,0.9953,3.48,0.65,11.4,5.851902403063427
7.938110531886705,0.67,0.23,2.1,0.088,17.65173418686554,96.0,0.9962,3.32,0.48,10.02136036013774,5.025389531174825
8.00724525122758,0.4434144674215724,0.18334773095509727,1.5,0.09481726781052673,22.0,41.0,0.9973,3.2694284372370053,0.7294215396334119,10.632352827633625,5.867630101823359
6.8,0.5229930049780868,0.08,2.5907631918482847,0.068,13.954848505593377,38.0,0.9965,3.42,0.7105827939806542,10.373489663530128,5.906807296191179
9.5,0.5332357388771578,0.24,2.7,0.092,14.0,44.0,0.9962272469954954,3.12,0.74,10.723094226026944,6.070832405896904
12.0,0.28,0.49,1.9,0.06924337585464363,10.0,21.0,0.9976,2.98,0.7673019217453996,10.518983235752579,6.631678870811658
8.0,0.5,0.39,2.6,0.082,12.0,46.0,0.9970313316847793,3.43,0.62,10.295014905380599,5.756968990760236
7.9,0.6,0.06,2.6174481542064054,0.08461037557163388,15.0,59.0,0.9964,3.3,0.676469737801536,9.4,5.781374851057397
8.0,0.59,0.05,1.9840804589489995,0.07418105924104611,12.0,32.0,0.9973,3.36,0.61,10.0,5.420857978431707
7.7,0.57,0.21,1.5,0.069,4.0,9.0,0.9946,3.16,0.54,9.8,5.148305492121752
7.0,0.62,0.18,1.5,0.09913853361844417,13.668220570528273,50.0,0.9951,3.08,0.6,10.386348625510717,5.438499467285416
7.991928070324803,0.18,0.18187509801050017,4.0,0.08371193049575713,15.95686758084785,23.0,0.9996,3.28,0.6965925364369953,10.834891692127472,6.232880551837539
7.6,0.42,0.08,2.6323751047003556,0.09128730002951388,15.0,48.0,0.9968,3.31942087244447,0.59,10.442433580643158,5.982183777979722
6.9,0.84,0.21,4.1,0.07797529220217098,16.0,54.843385302466096,0.9966078338040325,3.53,0.72,9.25,5.172868808971113
8.490186003884261,0.59,0.1,1.7,0.063,34.0,53.0,0.9973540293745264,3.41,0.6826150060780695,10.274447562052996,5.648766197888015
8.9,0.47516707141084,0.45,1.9,0.052,6.0,71.60686462266456,0.9966196105442556,3.35,0.7,10.325413771932034,5.359271976371711
7.1,0.5216692684629797,0.14,3.0285633789547486,0.10097376337433948,15.0,37.0,0.9962,3.36,0.6834818566171139,10.7,6.183121057721817
8.10830227955844,0.42,0.19,2.3,0.07139006765694168,18.0,36.0,0.9970141618924626,3.39,0.56,10.9,5.6455973114797064
7.2,0.38,0.32386642670846205,1.8,0.073,31.0,70.0,0.9969,3.42,0.6776260761680997,10.585970507110762,5.855521407261463
9.7,0.55,0.17,2.432523454462121,0.048752393485050276,20.0,65.00995793616632,1.0004,3.14,0.61,9.4,5.159139210701459
6.5,0.46,0.30102834206907153,2.4,0.114,9.0,39.22452761003693,0.9973,3.66,0.65,9.8,5.31911684070159
8.22237341938258,0.5645511536559006,0.2436432839862557,2.3762257195239282,0.08636313381361324,38.0,142.0,0.9968500784816583,3.22,0.55,10.429491456177784,5.286589034994571
10.2,0.5976314028900384,0.42,2.61257529733181,0.071,7.0,37.84064600791602,0.9957,3.14,0.79,11.1,6.201210600767222
8.5,0.47,0.27,1.9,0.058,18.0,39.46381836420115,0.9952,3.16,0.6287361449628844,11.1,6.079188030644029
8.1,0.78,0.1,3.3,0.09,13.529349689432046,13.0,0.9986,3.36,0.6136711349726165,9.5,4.72356194626536
8.304571520269358,0.46868146012086165,0.32,2.1729475684874937,0.087538347375903,16.553023428104105,122.0,0.9966171698301931,3.22,0.7209762552071256,9.7,5.265762100095502
11.3,0.6358266664113152,0.3325746359156563,2.4288118226278126,0.09,20.0,47.0,0.99701957904773,3.15,0.57,10.5,5.406790556640529
7.4,0.785,0.19,2.8117056782814007,0.1026124817264229,19.0,98.0,0.9971,3.2339830614991834,0.7291095922651093,9.6,5.34459146634298
7.8,0.53,0.04,1.7,0.076,17.0,31.0,0.9964,3.33,0.5978525518197174,10.067646785678393,5.705097566834814
8.673994237184914,0.46,0.45,2.2500482137871916,0.065,7.0,32.93135186882095,0.9973259875985465,3.32,0.79,14.0,6.7822442681335575
7.8,0.578330649989995,0.3413630477814834,2.7038243172682264,0.068,11.0,56.606739539077125,0.996,3.34,0.61,11.6,5.882572949824863
12.3,0.39,0.63,2.3,0.08393116542475584,6.0,18.0,1.0004,3.16,0.49,10.602315451493078,5.297994816226008
